Campaign,Ad Group,Keyword,Match Type
MPU Suche – NRW 2026,Straftaten,mpu straftat,Phrase
MPU Suche – NRW 2026,Straftaten,mpu straftaten,Phrase
MPU Suche – NRW 2026,Straftaten,mpu vorbereitung straftat,Phrase
MPU Suche – NRW 2026,Straftaten,mpu vorbereitung wegen straftat,Phrase
MPU Suche – NRW 2026,Straftaten,mpu wegen straftat,Phrase
MPU Suche – NRW 2026,Straftaten,mpu wegen straftat düsseldorf,Phrase
MPU Suche – NRW 2026,Straftaten,mpu straftat düsseldorf,Phrase
MPU Suche – NRW 2026,Straftaten,mpu straftat köln,Phrase
MPU Suche – NRW 2026,Straftaten,mpu straftat vorbereitung,Phrase
MPU Suche – NRW 2026,Straftaten,führerschein weg straftat mpu,Phrase
