Account,Campaign,Ad Group,Keyword,Match Type,Negative Keyword,Final URL,Ad type,Campaign Type,Budget,Bid Strategy Type,Status,Max CPC,EU political ads,Headline 1,Headline 2,Headline 3,Headline 4,Headline 5,Headline 6,Headline 7,Headline 8,Headline 9,Headline 10,Headline 11,Headline 12,Description 1,Description 2,Description 3,Description 4
826-841-9884,MPU Punkte – DE,,,,,,,Search,15,Maximize Conversions,Paused,,No,,,,,,,,,,,,,,,,
826-841-9884,MPU Straftaten – DE,,,,,,,Search,15,Maximize Conversions,Paused,,No,,,,,,,,,,,,,,,,
826-841-9884,MPU Vorbereitung – DE,,,,,,,Search,15,Maximize Conversions,Paused,,No,,,,,,,,,,,,,,,,
826-841-9884,MPU Beratung – DE,,,,,,,Search,15,Maximize Conversions,Paused,,No,,,,,,,,,,,,,,,,
826-841-9884,MPU Alkohol – DE,Berlin – Alkohol,,,,,,,,,Enabled,2.00,,,,,,,,,,,,,,,,,
826-841-9884,MPU Punkte – DE,Berlin – Punkte,,,,,,,,,Enabled,2.00,,,,,,,,,,,,,,,,,
826-841-9884,MPU Straftaten – DE,Berlin – Straftaten,,,,,,,,,Enabled,2.00,,,,,,,,,,,,,,,,,
826-841-9884,MPU Vorbereitung – DE,Berlin – Vorbereitung,,,,,,,,,Enabled,2.00,,,,,,,,,,,,,,,,,
826-841-9884,MPU Beratung – DE,Berlin – Beratung,,,,,,,,,Enabled,2.00,,,,,,,,,,,,,,,,,
826-841-9884,MPU Alkohol – DE,Dortmund – Alkohol,,,,,,,,,Enabled,2.00,,,,,,,,,,,,,,,,,
826-841-9884,MPU Punkte – DE,Dortmund – Punkte,,,,,,,,,Enabled,2.00,,,,,,,,,,,,,,,,,
826-841-9884,MPU Straftaten – DE,Dortmund – Straftaten,,,,,,,,,Enabled,2.00,,,,,,,,,,,,,,,,,
826-841-9884,MPU Vorbereitung – DE,Dortmund – Vorbereitung,,,,,,,,,Enabled,2.00,,,,,,,,,,,,,,,,,
826-841-9884,MPU Beratung – DE,Dortmund – Beratung,,,,,,,,,Enabled,2.00,,,,,,,,,,,,,,,,,
826-841-9884,MPU Alkohol – DE,Düsseldorf – Alkohol,,,,,,,,,Enabled,2.00,,,,,,,,,,,,,,,,,
826-841-9884,MPU Punkte – DE,Düsseldorf – Punkte,,,,,,,,,Enabled,2.00,,,,,,,,,,,,,,,,,
826-841-9884,MPU Straftaten – DE,Düsseldorf – Straftaten,,,,,,,,,Enabled,2.00,,,,,,,,,,,,,,,,,
826-841-9884,MPU Vorbereitung – DE,Düsseldorf – Vorbereitung,,,,,,,,,Enabled,2.00,,,,,,,,,,,,,,,,,
826-841-9884,MPU Beratung – DE,Düsseldorf – Beratung,,,,,,,,,Enabled,2.00,,,,,,,,,,,,,,,,,
826-841-9884,MPU Alkohol – DE,Duisburg – Alkohol,,,,,,,,,Enabled,2.00,,,,,,,,,,,,,,,,,
826-841-9884,MPU Punkte – DE,Duisburg – Punkte,,,,,,,,,Enabled,2.00,,,,,,,,,,,,,,,,,
826-841-9884,MPU Straftaten – DE,Duisburg – Straftaten,,,,,,,,,Enabled,2.00,,,,,,,,,,,,,,,,,
826-841-9884,MPU Vorbereitung – DE,Duisburg – Vorbereitung,,,,,,,,,Enabled,2.00,,,,,,,,,,,,,,,,,
826-841-9884,MPU Beratung – DE,Duisburg – Beratung,,,,,,,,,Enabled,2.00,,,,,,,,,,,,,,,,,
826-841-9884,MPU Alkohol – DE,Essen – Alkohol,,,,,,,,,Enabled,2.00,,,,,,,,,,,,,,,,,
826-841-9884,MPU Punkte – DE,Essen – Punkte,,,,,,,,,Enabled,2.00,,,,,,,,,,,,,,,,,
826-841-9884,MPU Straftaten – DE,Essen – Straftaten,,,,,,,,,Enabled,2.00,,,,,,,,,,,,,,,,,
826-841-9884,MPU Vorbereitung – DE,Essen – Vorbereitung,,,,,,,,,Enabled,2.00,,,,,,,,,,,,,,,,,
826-841-9884,MPU Beratung – DE,Essen – Beratung,,,,,,,,,Enabled,2.00,,,,,,,,,,,,,,,,,
826-841-9884,MPU Alkohol – DE,Frankfurt – Alkohol,,,,,,,,,Enabled,2.00,,,,,,,,,,,,,,,,,
826-841-9884,MPU Punkte – DE,Frankfurt – Punkte,,,,,,,,,Enabled,2.00,,,,,,,,,,,,,,,,,
826-841-9884,MPU Straftaten – DE,Frankfurt – Straftaten,,,,,,,,,Enabled,2.00,,,,,,,,,,,,,,,,,
826-841-9884,MPU Vorbereitung – DE,Frankfurt – Vorbereitung,,,,,,,,,Enabled,2.00,,,,,,,,,,,,,,,,,
826-841-9884,MPU Beratung – DE,Frankfurt – Beratung,,,,,,,,,Enabled,2.00,,,,,,,,,,,,,,,,,
826-841-9884,MPU Alkohol – DE,Hamburg – Alkohol,,,,,,,,,Enabled,2.00,,,,,,,,,,,,,,,,,
826-841-9884,MPU Punkte – DE,Hamburg – Punkte,,,,,,,,,Enabled,2.00,,,,,,,,,,,,,,,,,
826-841-9884,MPU Straftaten – DE,Hamburg – Straftaten,,,,,,,,,Enabled,2.00,,,,,,,,,,,,,,,,,
826-841-9884,MPU Vorbereitung – DE,Hamburg – Vorbereitung,,,,,,,,,Enabled,2.00,,,,,,,,,,,,,,,,,
826-841-9884,MPU Beratung – DE,Hamburg – Beratung,,,,,,,,,Enabled,2.00,,,,,,,,,,,,,,,,,
826-841-9884,MPU Alkohol – DE,Hannover – Alkohol,,,,,,,,,Enabled,2.00,,,,,,,,,,,,,,,,,
826-841-9884,MPU Punkte – DE,Hannover – Punkte,,,,,,,,,Enabled,2.00,,,,,,,,,,,,,,,,,
826-841-9884,MPU Straftaten – DE,Hannover – Straftaten,,,,,,,,,Enabled,2.00,,,,,,,,,,,,,,,,,
826-841-9884,MPU Vorbereitung – DE,Hannover – Vorbereitung,,,,,,,,,Enabled,2.00,,,,,,,,,,,,,,,,,
826-841-9884,MPU Beratung – DE,Hannover – Beratung,,,,,,,,,Enabled,2.00,,,,,,,,,,,,,,,,,
826-841-9884,MPU Alkohol – DE,Köln – Alkohol,,,,,,,,,Enabled,2.00,,,,,,,,,,,,,,,,,
826-841-9884,MPU Punkte – DE,Köln – Punkte,,,,,,,,,Enabled,2.00,,,,,,,,,,,,,,,,,
826-841-9884,MPU Straftaten – DE,Köln – Straftaten,,,,,,,,,Enabled,2.00,,,,,,,,,,,,,,,,,
826-841-9884,MPU Vorbereitung – DE,Köln – Vorbereitung,,,,,,,,,Enabled,2.00,,,,,,,,,,,,,,,,,
826-841-9884,MPU Beratung – DE,Köln – Beratung,,,,,,,,,Enabled,2.00,,,,,,,,,,,,,,,,,
826-841-9884,MPU Alkohol – DE,Leipzig – Alkohol,,,,,,,,,Enabled,2.00,,,,,,,,,,,,,,,,,
826-841-9884,MPU Punkte – DE,Leipzig – Punkte,,,,,,,,,Enabled,2.00,,,,,,,,,,,,,,,,,
826-841-9884,MPU Straftaten – DE,Leipzig – Straftaten,,,,,,,,,Enabled,2.00,,,,,,,,,,,,,,,,,
826-841-9884,MPU Vorbereitung – DE,Leipzig – Vorbereitung,,,,,,,,,Enabled,2.00,,,,,,,,,,,,,,,,,
826-841-9884,MPU Beratung – DE,Leipzig – Beratung,,,,,,,,,Enabled,2.00,,,,,,,,,,,,,,,,,
826-841-9884,MPU Alkohol – DE,München – Alkohol,,,,,,,,,Enabled,2.00,,,,,,,,,,,,,,,,,
826-841-9884,MPU Punkte – DE,München – Punkte,,,,,,,,,Enabled,2.00,,,,,,,,,,,,,,,,,
826-841-9884,MPU Straftaten – DE,München – Straftaten,,,,,,,,,Enabled,2.00,,,,,,,,,,,,,,,,,
826-841-9884,MPU Vorbereitung – DE,München – Vorbereitung,,,,,,,,,Enabled,2.00,,,,,,,,,,,,,,,,,
826-841-9884,MPU Beratung – DE,München – Beratung,,,,,,,,,Enabled,2.00,,,,,,,,,,,,,,,,,
826-841-9884,MPU Alkohol – DE,Stuttgart – Alkohol,,,,,,,,,Enabled,2.00,,,,,,,,,,,,,,,,,
826-841-9884,MPU Punkte – DE,Stuttgart – Punkte,,,,,,,,,Enabled,2.00,,,,,,,,,,,,,,,,,
826-841-9884,MPU Straftaten – DE,Stuttgart – Straftaten,,,,,,,,,Enabled,2.00,,,,,,,,,,,,,,,,,
826-841-9884,MPU Vorbereitung – DE,Stuttgart – Vorbereitung,,,,,,,,,Enabled,2.00,,,,,,,,,,,,,,,,,
826-841-9884,MPU Beratung – DE,Stuttgart – Beratung,,,,,,,,,Enabled,2.00,,,,,,,,,,,,,,,,,
826-841-9884,MPU Alkohol – DE,Berlin – Alkohol,mpu alkohol Berlin,Phrase,,,,,,,,,,,,,,,,,,,,,,,,,
826-841-9884,MPU Alkohol – DE,Berlin – Alkohol,mpu vorbereitung alkohol Berlin,Phrase,,,,,,,,,,,,,,,,,,,,,,,,,
826-841-9884,MPU Alkohol – DE,Berlin – Alkohol,mpu Berlin alkohol,Phrase,,,,,,,,,,,,,,,,,,,,,,,,,
826-841-9884,MPU Alkohol – DE,Berlin – Alkohol,abstinenznachweis alkohol Berlin,Phrase,,,,,,,,,,,,,,,,,,,,,,,,,
826-841-9884,MPU Alkohol – DE,Berlin – Alkohol,mpu wegen alkohol Berlin,Phrase,,,,,,,,,,,,,,,,,,,,,,,,,
826-841-9884,MPU Alkohol – DE,Berlin – Alkohol,mpu beratung alkohol Berlin,Phrase,,,,,,,,,,,,,,,,,,,,,,,,,
826-841-9884,MPU Punkte – DE,Berlin – Punkte,mpu punkte Berlin,Phrase,,,,,,,,,,,,,,,,,,,,,,,,,
826-841-9884,MPU Punkte – DE,Berlin – Punkte,mpu vorbereitung punkte Berlin,Phrase,,,,,,,,,,,,,,,,,,,,,,,,,
826-841-9884,MPU Punkte – DE,Berlin – Punkte,mpu Berlin punkte,Phrase,,,,,,,,,,,,,,,,,,,,,,,,,
826-841-9884,MPU Punkte – DE,Berlin – Punkte,mpu wegen punkten Berlin,Phrase,,,,,,,,,,,,,,,,,,,,,,,,,
826-841-9884,MPU Punkte – DE,Berlin – Punkte,8 punkte mpu Berlin,Phrase,,,,,,,,,,,,,,,,,,,,,,,,,
826-841-9884,MPU Punkte – DE,Berlin – Punkte,mpu beratung punkte Berlin,Phrase,,,,,,,,,,,,,,,,,,,,,,,,,
826-841-9884,MPU Straftaten – DE,Berlin – Straftaten,mpu straftaten Berlin,Phrase,,,,,,,,,,,,,,,,,,,,,,,,,
826-841-9884,MPU Straftaten – DE,Berlin – Straftaten,mpu vorbereitung straftaten Berlin,Phrase,,,,,,,,,,,,,,,,,,,,,,,,,
826-841-9884,MPU Straftaten – DE,Berlin – Straftaten,mpu Berlin straftat,Phrase,,,,,,,,,,,,,,,,,,,,,,,,,
826-841-9884,MPU Straftaten – DE,Berlin – Straftaten,mpu wegen straftat Berlin,Phrase,,,,,,,,,,,,,,,,,,,,,,,,,
826-841-9884,MPU Straftaten – DE,Berlin – Straftaten,mpu beratung straftaten Berlin,Phrase,,,,,,,,,,,,,,,,,,,,,,,,,
826-841-9884,MPU Vorbereitung – DE,Berlin – Vorbereitung,mpu vorbereitung Berlin,Phrase,,,,,,,,,,,,,,,,,,,,,,,,,
826-841-9884,MPU Vorbereitung – DE,Berlin – Vorbereitung,mpu vorbereitungskurs Berlin,Phrase,,,,,,,,,,,,,,,,,,,,,,,,,
826-841-9884,MPU Vorbereitung – DE,Berlin – Vorbereitung,mpu Berlin,Phrase,,,,,,,,,,,,,,,,,,,,,,,,,
826-841-9884,MPU Vorbereitung – DE,Berlin – Vorbereitung,mpu hilfe Berlin,Phrase,,,,,,,,,,,,,,,,,,,,,,,,,
826-841-9884,MPU Vorbereitung – DE,Berlin – Vorbereitung,mpu kurs Berlin,Phrase,,,,,,,,,,,,,,,,,,,,,,,,,
826-841-9884,MPU Vorbereitung – DE,Berlin – Vorbereitung,mpu machen Berlin,Phrase,,,,,,,,,,,,,,,,,,,,,,,,,
826-841-9884,MPU Beratung – DE,Berlin – Beratung,mpu beratung Berlin,Phrase,,,,,,,,,,,,,,,,,,,,,,,,,
826-841-9884,MPU Beratung – DE,Berlin – Beratung,mpu berater Berlin,Phrase,,,,,,,,,,,,,,,,,,,,,,,,,
826-841-9884,MPU Beratung – DE,Berlin – Beratung,mpu hilfe Berlin,Phrase,,,,,,,,,,,,,,,,,,,,,,,,,
826-841-9884,MPU Beratung – DE,Berlin – Beratung,mpu beratungsstelle Berlin,Phrase,,,,,,,,,,,,,,,,,,,,,,,,,
826-841-9884,MPU Beratung – DE,Berlin – Beratung,mpu unterstützung Berlin,Phrase,,,,,,,,,,,,,,,,,,,,,,,,,
826-841-9884,MPU Alkohol – DE,Dortmund – Alkohol,mpu alkohol Dortmund,Phrase,,,,,,,,,,,,,,,,,,,,,,,,,
826-841-9884,MPU Alkohol – DE,Dortmund – Alkohol,mpu vorbereitung alkohol Dortmund,Phrase,,,,,,,,,,,,,,,,,,,,,,,,,
826-841-9884,MPU Alkohol – DE,Dortmund – Alkohol,mpu Dortmund alkohol,Phrase,,,,,,,,,,,,,,,,,,,,,,,,,
826-841-9884,MPU Alkohol – DE,Dortmund – Alkohol,abstinenznachweis alkohol Dortmund,Phrase,,,,,,,,,,,,,,,,,,,,,,,,,
826-841-9884,MPU Alkohol – DE,Dortmund – Alkohol,mpu wegen alkohol Dortmund,Phrase,,,,,,,,,,,,,,,,,,,,,,,,,
826-841-9884,MPU Alkohol – DE,Dortmund – Alkohol,mpu beratung alkohol Dortmund,Phrase,,,,,,,,,,,,,,,,,,,,,,,,,
826-841-9884,MPU Punkte – DE,Dortmund – Punkte,mpu punkte Dortmund,Phrase,,,,,,,,,,,,,,,,,,,,,,,,,
826-841-9884,MPU Punkte – DE,Dortmund – Punkte,mpu vorbereitung punkte Dortmund,Phrase,,,,,,,,,,,,,,,,,,,,,,,,,
826-841-9884,MPU Punkte – DE,Dortmund – Punkte,mpu Dortmund punkte,Phrase,,,,,,,,,,,,,,,,,,,,,,,,,
826-841-9884,MPU Punkte – DE,Dortmund – Punkte,mpu wegen punkten Dortmund,Phrase,,,,,,,,,,,,,,,,,,,,,,,,,
826-841-9884,MPU Punkte – DE,Dortmund – Punkte,8 punkte mpu Dortmund,Phrase,,,,,,,,,,,,,,,,,,,,,,,,,
826-841-9884,MPU Punkte – DE,Dortmund – Punkte,mpu beratung punkte Dortmund,Phrase,,,,,,,,,,,,,,,,,,,,,,,,,
826-841-9884,MPU Straftaten – DE,Dortmund – Straftaten,mpu straftaten Dortmund,Phrase,,,,,,,,,,,,,,,,,,,,,,,,,
826-841-9884,MPU Straftaten – DE,Dortmund – Straftaten,mpu vorbereitung straftaten Dortmund,Phrase,,,,,,,,,,,,,,,,,,,,,,,,,
826-841-9884,MPU Straftaten – DE,Dortmund – Straftaten,mpu Dortmund straftat,Phrase,,,,,,,,,,,,,,,,,,,,,,,,,
826-841-9884,MPU Straftaten – DE,Dortmund – Straftaten,mpu wegen straftat Dortmund,Phrase,,,,,,,,,,,,,,,,,,,,,,,,,
826-841-9884,MPU Straftaten – DE,Dortmund – Straftaten,mpu beratung straftaten Dortmund,Phrase,,,,,,,,,,,,,,,,,,,,,,,,,
826-841-9884,MPU Vorbereitung – DE,Dortmund – Vorbereitung,mpu vorbereitung Dortmund,Phrase,,,,,,,,,,,,,,,,,,,,,,,,,
826-841-9884,MPU Vorbereitung – DE,Dortmund – Vorbereitung,mpu vorbereitungskurs Dortmund,Phrase,,,,,,,,,,,,,,,,,,,,,,,,,
826-841-9884,MPU Vorbereitung – DE,Dortmund – Vorbereitung,mpu Dortmund,Phrase,,,,,,,,,,,,,,,,,,,,,,,,,
826-841-9884,MPU Vorbereitung – DE,Dortmund – Vorbereitung,mpu hilfe Dortmund,Phrase,,,,,,,,,,,,,,,,,,,,,,,,,
826-841-9884,MPU Vorbereitung – DE,Dortmund – Vorbereitung,mpu kurs Dortmund,Phrase,,,,,,,,,,,,,,,,,,,,,,,,,
826-841-9884,MPU Vorbereitung – DE,Dortmund – Vorbereitung,mpu machen Dortmund,Phrase,,,,,,,,,,,,,,,,,,,,,,,,,
826-841-9884,MPU Beratung – DE,Dortmund – Beratung,mpu beratung Dortmund,Phrase,,,,,,,,,,,,,,,,,,,,,,,,,
826-841-9884,MPU Beratung – DE,Dortmund – Beratung,mpu berater Dortmund,Phrase,,,,,,,,,,,,,,,,,,,,,,,,,
826-841-9884,MPU Beratung – DE,Dortmund – Beratung,mpu hilfe Dortmund,Phrase,,,,,,,,,,,,,,,,,,,,,,,,,
826-841-9884,MPU Beratung – DE,Dortmund – Beratung,mpu beratungsstelle Dortmund,Phrase,,,,,,,,,,,,,,,,,,,,,,,,,
826-841-9884,MPU Beratung – DE,Dortmund – Beratung,mpu unterstützung Dortmund,Phrase,,,,,,,,,,,,,,,,,,,,,,,,,
826-841-9884,MPU Alkohol – DE,Düsseldorf – Alkohol,mpu alkohol Düsseldorf,Phrase,,,,,,,,,,,,,,,,,,,,,,,,,
826-841-9884,MPU Alkohol – DE,Düsseldorf – Alkohol,mpu vorbereitung alkohol Düsseldorf,Phrase,,,,,,,,,,,,,,,,,,,,,,,,,
826-841-9884,MPU Alkohol – DE,Düsseldorf – Alkohol,mpu Düsseldorf alkohol,Phrase,,,,,,,,,,,,,,,,,,,,,,,,,
826-841-9884,MPU Alkohol – DE,Düsseldorf – Alkohol,abstinenznachweis alkohol Düsseldorf,Phrase,,,,,,,,,,,,,,,,,,,,,,,,,
826-841-9884,MPU Alkohol – DE,Düsseldorf – Alkohol,mpu wegen alkohol Düsseldorf,Phrase,,,,,,,,,,,,,,,,,,,,,,,,,
826-841-9884,MPU Alkohol – DE,Düsseldorf – Alkohol,mpu beratung alkohol Düsseldorf,Phrase,,,,,,,,,,,,,,,,,,,,,,,,,
826-841-9884,MPU Punkte – DE,Düsseldorf – Punkte,mpu punkte Düsseldorf,Phrase,,,,,,,,,,,,,,,,,,,,,,,,,
826-841-9884,MPU Punkte – DE,Düsseldorf – Punkte,mpu vorbereitung punkte Düsseldorf,Phrase,,,,,,,,,,,,,,,,,,,,,,,,,
826-841-9884,MPU Punkte – DE,Düsseldorf – Punkte,mpu Düsseldorf punkte,Phrase,,,,,,,,,,,,,,,,,,,,,,,,,
826-841-9884,MPU Punkte – DE,Düsseldorf – Punkte,mpu wegen punkten Düsseldorf,Phrase,,,,,,,,,,,,,,,,,,,,,,,,,
826-841-9884,MPU Punkte – DE,Düsseldorf – Punkte,8 punkte mpu Düsseldorf,Phrase,,,,,,,,,,,,,,,,,,,,,,,,,
826-841-9884,MPU Punkte – DE,Düsseldorf – Punkte,mpu beratung punkte Düsseldorf,Phrase,,,,,,,,,,,,,,,,,,,,,,,,,
826-841-9884,MPU Straftaten – DE,Düsseldorf – Straftaten,mpu straftaten Düsseldorf,Phrase,,,,,,,,,,,,,,,,,,,,,,,,,
826-841-9884,MPU Straftaten – DE,Düsseldorf – Straftaten,mpu vorbereitung straftaten Düsseldorf,Phrase,,,,,,,,,,,,,,,,,,,,,,,,,
826-841-9884,MPU Straftaten – DE,Düsseldorf – Straftaten,mpu Düsseldorf straftat,Phrase,,,,,,,,,,,,,,,,,,,,,,,,,
826-841-9884,MPU Straftaten – DE,Düsseldorf – Straftaten,mpu wegen straftat Düsseldorf,Phrase,,,,,,,,,,,,,,,,,,,,,,,,,
826-841-9884,MPU Straftaten – DE,Düsseldorf – Straftaten,mpu beratung straftaten Düsseldorf,Phrase,,,,,,,,,,,,,,,,,,,,,,,,,
826-841-9884,MPU Vorbereitung – DE,Düsseldorf – Vorbereitung,mpu vorbereitung Düsseldorf,Phrase,,,,,,,,,,,,,,,,,,,,,,,,,
826-841-9884,MPU Vorbereitung – DE,Düsseldorf – Vorbereitung,mpu vorbereitungskurs Düsseldorf,Phrase,,,,,,,,,,,,,,,,,,,,,,,,,
826-841-9884,MPU Vorbereitung – DE,Düsseldorf – Vorbereitung,mpu Düsseldorf,Phrase,,,,,,,,,,,,,,,,,,,,,,,,,
826-841-9884,MPU Vorbereitung – DE,Düsseldorf – Vorbereitung,mpu hilfe Düsseldorf,Phrase,,,,,,,,,,,,,,,,,,,,,,,,,
826-841-9884,MPU Vorbereitung – DE,Düsseldorf – Vorbereitung,mpu kurs Düsseldorf,Phrase,,,,,,,,,,,,,,,,,,,,,,,,,
826-841-9884,MPU Vorbereitung – DE,Düsseldorf – Vorbereitung,mpu machen Düsseldorf,Phrase,,,,,,,,,,,,,,,,,,,,,,,,,
826-841-9884,MPU Beratung – DE,Düsseldorf – Beratung,mpu beratung Düsseldorf,Phrase,,,,,,,,,,,,,,,,,,,,,,,,,
826-841-9884,MPU Beratung – DE,Düsseldorf – Beratung,mpu berater Düsseldorf,Phrase,,,,,,,,,,,,,,,,,,,,,,,,,
826-841-9884,MPU Beratung – DE,Düsseldorf – Beratung,mpu hilfe Düsseldorf,Phrase,,,,,,,,,,,,,,,,,,,,,,,,,
826-841-9884,MPU Beratung – DE,Düsseldorf – Beratung,mpu beratungsstelle Düsseldorf,Phrase,,,,,,,,,,,,,,,,,,,,,,,,,
826-841-9884,MPU Beratung – DE,Düsseldorf – Beratung,mpu unterstützung Düsseldorf,Phrase,,,,,,,,,,,,,,,,,,,,,,,,,
826-841-9884,MPU Alkohol – DE,Duisburg – Alkohol,mpu alkohol Duisburg,Phrase,,,,,,,,,,,,,,,,,,,,,,,,,
826-841-9884,MPU Alkohol – DE,Duisburg – Alkohol,mpu vorbereitung alkohol Duisburg,Phrase,,,,,,,,,,,,,,,,,,,,,,,,,
826-841-9884,MPU Alkohol – DE,Duisburg – Alkohol,mpu Duisburg alkohol,Phrase,,,,,,,,,,,,,,,,,,,,,,,,,
826-841-9884,MPU Alkohol – DE,Duisburg – Alkohol,abstinenznachweis alkohol Duisburg,Phrase,,,,,,,,,,,,,,,,,,,,,,,,,
826-841-9884,MPU Alkohol – DE,Duisburg – Alkohol,mpu wegen alkohol Duisburg,Phrase,,,,,,,,,,,,,,,,,,,,,,,,,
826-841-9884,MPU Alkohol – DE,Duisburg – Alkohol,mpu beratung alkohol Duisburg,Phrase,,,,,,,,,,,,,,,,,,,,,,,,,
826-841-9884,MPU Punkte – DE,Duisburg – Punkte,mpu punkte Duisburg,Phrase,,,,,,,,,,,,,,,,,,,,,,,,,
826-841-9884,MPU Punkte – DE,Duisburg – Punkte,mpu vorbereitung punkte Duisburg,Phrase,,,,,,,,,,,,,,,,,,,,,,,,,
826-841-9884,MPU Punkte – DE,Duisburg – Punkte,mpu Duisburg punkte,Phrase,,,,,,,,,,,,,,,,,,,,,,,,,
826-841-9884,MPU Punkte – DE,Duisburg – Punkte,mpu wegen punkten Duisburg,Phrase,,,,,,,,,,,,,,,,,,,,,,,,,
826-841-9884,MPU Punkte – DE,Duisburg – Punkte,8 punkte mpu Duisburg,Phrase,,,,,,,,,,,,,,,,,,,,,,,,,
826-841-9884,MPU Punkte – DE,Duisburg – Punkte,mpu beratung punkte Duisburg,Phrase,,,,,,,,,,,,,,,,,,,,,,,,,
826-841-9884,MPU Straftaten – DE,Duisburg – Straftaten,mpu straftaten Duisburg,Phrase,,,,,,,,,,,,,,,,,,,,,,,,,
826-841-9884,MPU Straftaten – DE,Duisburg – Straftaten,mpu vorbereitung straftaten Duisburg,Phrase,,,,,,,,,,,,,,,,,,,,,,,,,
826-841-9884,MPU Straftaten – DE,Duisburg – Straftaten,mpu Duisburg straftat,Phrase,,,,,,,,,,,,,,,,,,,,,,,,,
826-841-9884,MPU Straftaten – DE,Duisburg – Straftaten,mpu wegen straftat Duisburg,Phrase,,,,,,,,,,,,,,,,,,,,,,,,,
826-841-9884,MPU Straftaten – DE,Duisburg – Straftaten,mpu beratung straftaten Duisburg,Phrase,,,,,,,,,,,,,,,,,,,,,,,,,
826-841-9884,MPU Vorbereitung – DE,Duisburg – Vorbereitung,mpu vorbereitung Duisburg,Phrase,,,,,,,,,,,,,,,,,,,,,,,,,
826-841-9884,MPU Vorbereitung – DE,Duisburg – Vorbereitung,mpu vorbereitungskurs Duisburg,Phrase,,,,,,,,,,,,,,,,,,,,,,,,,
826-841-9884,MPU Vorbereitung – DE,Duisburg – Vorbereitung,mpu Duisburg,Phrase,,,,,,,,,,,,,,,,,,,,,,,,,
826-841-9884,MPU Vorbereitung – DE,Duisburg – Vorbereitung,mpu hilfe Duisburg,Phrase,,,,,,,,,,,,,,,,,,,,,,,,,
826-841-9884,MPU Vorbereitung – DE,Duisburg – Vorbereitung,mpu kurs Duisburg,Phrase,,,,,,,,,,,,,,,,,,,,,,,,,
826-841-9884,MPU Vorbereitung – DE,Duisburg – Vorbereitung,mpu machen Duisburg,Phrase,,,,,,,,,,,,,,,,,,,,,,,,,
826-841-9884,MPU Beratung – DE,Duisburg – Beratung,mpu beratung Duisburg,Phrase,,,,,,,,,,,,,,,,,,,,,,,,,
826-841-9884,MPU Beratung – DE,Duisburg – Beratung,mpu berater Duisburg,Phrase,,,,,,,,,,,,,,,,,,,,,,,,,
826-841-9884,MPU Beratung – DE,Duisburg – Beratung,mpu hilfe Duisburg,Phrase,,,,,,,,,,,,,,,,,,,,,,,,,
826-841-9884,MPU Beratung – DE,Duisburg – Beratung,mpu beratungsstelle Duisburg,Phrase,,,,,,,,,,,,,,,,,,,,,,,,,
826-841-9884,MPU Beratung – DE,Duisburg – Beratung,mpu unterstützung Duisburg,Phrase,,,,,,,,,,,,,,,,,,,,,,,,,
826-841-9884,MPU Alkohol – DE,Essen – Alkohol,mpu alkohol Essen,Phrase,,,,,,,,,,,,,,,,,,,,,,,,,
826-841-9884,MPU Alkohol – DE,Essen – Alkohol,mpu vorbereitung alkohol Essen,Phrase,,,,,,,,,,,,,,,,,,,,,,,,,
826-841-9884,MPU Alkohol – DE,Essen – Alkohol,mpu Essen alkohol,Phrase,,,,,,,,,,,,,,,,,,,,,,,,,
826-841-9884,MPU Alkohol – DE,Essen – Alkohol,abstinenznachweis alkohol Essen,Phrase,,,,,,,,,,,,,,,,,,,,,,,,,
826-841-9884,MPU Alkohol – DE,Essen – Alkohol,mpu wegen alkohol Essen,Phrase,,,,,,,,,,,,,,,,,,,,,,,,,
826-841-9884,MPU Alkohol – DE,Essen – Alkohol,mpu beratung alkohol Essen,Phrase,,,,,,,,,,,,,,,,,,,,,,,,,
826-841-9884,MPU Punkte – DE,Essen – Punkte,mpu punkte Essen,Phrase,,,,,,,,,,,,,,,,,,,,,,,,,
826-841-9884,MPU Punkte – DE,Essen – Punkte,mpu vorbereitung punkte Essen,Phrase,,,,,,,,,,,,,,,,,,,,,,,,,
826-841-9884,MPU Punkte – DE,Essen – Punkte,mpu Essen punkte,Phrase,,,,,,,,,,,,,,,,,,,,,,,,,
826-841-9884,MPU Punkte – DE,Essen – Punkte,mpu wegen punkten Essen,Phrase,,,,,,,,,,,,,,,,,,,,,,,,,
826-841-9884,MPU Punkte – DE,Essen – Punkte,8 punkte mpu Essen,Phrase,,,,,,,,,,,,,,,,,,,,,,,,,
826-841-9884,MPU Punkte – DE,Essen – Punkte,mpu beratung punkte Essen,Phrase,,,,,,,,,,,,,,,,,,,,,,,,,
826-841-9884,MPU Straftaten – DE,Essen – Straftaten,mpu straftaten Essen,Phrase,,,,,,,,,,,,,,,,,,,,,,,,,
826-841-9884,MPU Straftaten – DE,Essen – Straftaten,mpu vorbereitung straftaten Essen,Phrase,,,,,,,,,,,,,,,,,,,,,,,,,
826-841-9884,MPU Straftaten – DE,Essen – Straftaten,mpu Essen straftat,Phrase,,,,,,,,,,,,,,,,,,,,,,,,,
826-841-9884,MPU Straftaten – DE,Essen – Straftaten,mpu wegen straftat Essen,Phrase,,,,,,,,,,,,,,,,,,,,,,,,,
826-841-9884,MPU Straftaten – DE,Essen – Straftaten,mpu beratung straftaten Essen,Phrase,,,,,,,,,,,,,,,,,,,,,,,,,
826-841-9884,MPU Vorbereitung – DE,Essen – Vorbereitung,mpu vorbereitung Essen,Phrase,,,,,,,,,,,,,,,,,,,,,,,,,
826-841-9884,MPU Vorbereitung – DE,Essen – Vorbereitung,mpu vorbereitungskurs Essen,Phrase,,,,,,,,,,,,,,,,,,,,,,,,,
826-841-9884,MPU Vorbereitung – DE,Essen – Vorbereitung,mpu Essen,Phrase,,,,,,,,,,,,,,,,,,,,,,,,,
826-841-9884,MPU Vorbereitung – DE,Essen – Vorbereitung,mpu hilfe Essen,Phrase,,,,,,,,,,,,,,,,,,,,,,,,,
826-841-9884,MPU Vorbereitung – DE,Essen – Vorbereitung,mpu kurs Essen,Phrase,,,,,,,,,,,,,,,,,,,,,,,,,
826-841-9884,MPU Vorbereitung – DE,Essen – Vorbereitung,mpu machen Essen,Phrase,,,,,,,,,,,,,,,,,,,,,,,,,
826-841-9884,MPU Beratung – DE,Essen – Beratung,mpu beratung Essen,Phrase,,,,,,,,,,,,,,,,,,,,,,,,,
826-841-9884,MPU Beratung – DE,Essen – Beratung,mpu berater Essen,Phrase,,,,,,,,,,,,,,,,,,,,,,,,,
826-841-9884,MPU Beratung – DE,Essen – Beratung,mpu hilfe Essen,Phrase,,,,,,,,,,,,,,,,,,,,,,,,,
826-841-9884,MPU Beratung – DE,Essen – Beratung,mpu beratungsstelle Essen,Phrase,,,,,,,,,,,,,,,,,,,,,,,,,
826-841-9884,MPU Beratung – DE,Essen – Beratung,mpu unterstützung Essen,Phrase,,,,,,,,,,,,,,,,,,,,,,,,,
826-841-9884,MPU Alkohol – DE,Frankfurt – Alkohol,mpu alkohol Frankfurt,Phrase,,,,,,,,,,,,,,,,,,,,,,,,,
826-841-9884,MPU Alkohol – DE,Frankfurt – Alkohol,mpu vorbereitung alkohol Frankfurt,Phrase,,,,,,,,,,,,,,,,,,,,,,,,,
826-841-9884,MPU Alkohol – DE,Frankfurt – Alkohol,mpu Frankfurt alkohol,Phrase,,,,,,,,,,,,,,,,,,,,,,,,,
826-841-9884,MPU Alkohol – DE,Frankfurt – Alkohol,abstinenznachweis alkohol Frankfurt,Phrase,,,,,,,,,,,,,,,,,,,,,,,,,
826-841-9884,MPU Alkohol – DE,Frankfurt – Alkohol,mpu wegen alkohol Frankfurt,Phrase,,,,,,,,,,,,,,,,,,,,,,,,,
826-841-9884,MPU Alkohol – DE,Frankfurt – Alkohol,mpu beratung alkohol Frankfurt,Phrase,,,,,,,,,,,,,,,,,,,,,,,,,
826-841-9884,MPU Punkte – DE,Frankfurt – Punkte,mpu punkte Frankfurt,Phrase,,,,,,,,,,,,,,,,,,,,,,,,,
826-841-9884,MPU Punkte – DE,Frankfurt – Punkte,mpu vorbereitung punkte Frankfurt,Phrase,,,,,,,,,,,,,,,,,,,,,,,,,
826-841-9884,MPU Punkte – DE,Frankfurt – Punkte,mpu Frankfurt punkte,Phrase,,,,,,,,,,,,,,,,,,,,,,,,,
826-841-9884,MPU Punkte – DE,Frankfurt – Punkte,mpu wegen punkten Frankfurt,Phrase,,,,,,,,,,,,,,,,,,,,,,,,,
826-841-9884,MPU Punkte – DE,Frankfurt – Punkte,8 punkte mpu Frankfurt,Phrase,,,,,,,,,,,,,,,,,,,,,,,,,
826-841-9884,MPU Punkte – DE,Frankfurt – Punkte,mpu beratung punkte Frankfurt,Phrase,,,,,,,,,,,,,,,,,,,,,,,,,
826-841-9884,MPU Straftaten – DE,Frankfurt – Straftaten,mpu straftaten Frankfurt,Phrase,,,,,,,,,,,,,,,,,,,,,,,,,
826-841-9884,MPU Straftaten – DE,Frankfurt – Straftaten,mpu vorbereitung straftaten Frankfurt,Phrase,,,,,,,,,,,,,,,,,,,,,,,,,
826-841-9884,MPU Straftaten – DE,Frankfurt – Straftaten,mpu Frankfurt straftat,Phrase,,,,,,,,,,,,,,,,,,,,,,,,,
826-841-9884,MPU Straftaten – DE,Frankfurt – Straftaten,mpu wegen straftat Frankfurt,Phrase,,,,,,,,,,,,,,,,,,,,,,,,,
826-841-9884,MPU Straftaten – DE,Frankfurt – Straftaten,mpu beratung straftaten Frankfurt,Phrase,,,,,,,,,,,,,,,,,,,,,,,,,
826-841-9884,MPU Vorbereitung – DE,Frankfurt – Vorbereitung,mpu vorbereitung Frankfurt,Phrase,,,,,,,,,,,,,,,,,,,,,,,,,
826-841-9884,MPU Vorbereitung – DE,Frankfurt – Vorbereitung,mpu vorbereitungskurs Frankfurt,Phrase,,,,,,,,,,,,,,,,,,,,,,,,,
826-841-9884,MPU Vorbereitung – DE,Frankfurt – Vorbereitung,mpu Frankfurt,Phrase,,,,,,,,,,,,,,,,,,,,,,,,,
826-841-9884,MPU Vorbereitung – DE,Frankfurt – Vorbereitung,mpu hilfe Frankfurt,Phrase,,,,,,,,,,,,,,,,,,,,,,,,,
826-841-9884,MPU Vorbereitung – DE,Frankfurt – Vorbereitung,mpu kurs Frankfurt,Phrase,,,,,,,,,,,,,,,,,,,,,,,,,
826-841-9884,MPU Vorbereitung – DE,Frankfurt – Vorbereitung,mpu machen Frankfurt,Phrase,,,,,,,,,,,,,,,,,,,,,,,,,
826-841-9884,MPU Beratung – DE,Frankfurt – Beratung,mpu beratung Frankfurt,Phrase,,,,,,,,,,,,,,,,,,,,,,,,,
826-841-9884,MPU Beratung – DE,Frankfurt – Beratung,mpu berater Frankfurt,Phrase,,,,,,,,,,,,,,,,,,,,,,,,,
826-841-9884,MPU Beratung – DE,Frankfurt – Beratung,mpu hilfe Frankfurt,Phrase,,,,,,,,,,,,,,,,,,,,,,,,,
826-841-9884,MPU Beratung – DE,Frankfurt – Beratung,mpu beratungsstelle Frankfurt,Phrase,,,,,,,,,,,,,,,,,,,,,,,,,
826-841-9884,MPU Beratung – DE,Frankfurt – Beratung,mpu unterstützung Frankfurt,Phrase,,,,,,,,,,,,,,,,,,,,,,,,,
826-841-9884,MPU Alkohol – DE,Hamburg – Alkohol,mpu alkohol Hamburg,Phrase,,,,,,,,,,,,,,,,,,,,,,,,,
826-841-9884,MPU Alkohol – DE,Hamburg – Alkohol,mpu vorbereitung alkohol Hamburg,Phrase,,,,,,,,,,,,,,,,,,,,,,,,,
826-841-9884,MPU Alkohol – DE,Hamburg – Alkohol,mpu Hamburg alkohol,Phrase,,,,,,,,,,,,,,,,,,,,,,,,,
826-841-9884,MPU Alkohol – DE,Hamburg – Alkohol,abstinenznachweis alkohol Hamburg,Phrase,,,,,,,,,,,,,,,,,,,,,,,,,
826-841-9884,MPU Alkohol – DE,Hamburg – Alkohol,mpu wegen alkohol Hamburg,Phrase,,,,,,,,,,,,,,,,,,,,,,,,,
826-841-9884,MPU Alkohol – DE,Hamburg – Alkohol,mpu beratung alkohol Hamburg,Phrase,,,,,,,,,,,,,,,,,,,,,,,,,
826-841-9884,MPU Punkte – DE,Hamburg – Punkte,mpu punkte Hamburg,Phrase,,,,,,,,,,,,,,,,,,,,,,,,,
826-841-9884,MPU Punkte – DE,Hamburg – Punkte,mpu vorbereitung punkte Hamburg,Phrase,,,,,,,,,,,,,,,,,,,,,,,,,
826-841-9884,MPU Punkte – DE,Hamburg – Punkte,mpu Hamburg punkte,Phrase,,,,,,,,,,,,,,,,,,,,,,,,,
826-841-9884,MPU Punkte – DE,Hamburg – Punkte,mpu wegen punkten Hamburg,Phrase,,,,,,,,,,,,,,,,,,,,,,,,,
826-841-9884,MPU Punkte – DE,Hamburg – Punkte,8 punkte mpu Hamburg,Phrase,,,,,,,,,,,,,,,,,,,,,,,,,
826-841-9884,MPU Punkte – DE,Hamburg – Punkte,mpu beratung punkte Hamburg,Phrase,,,,,,,,,,,,,,,,,,,,,,,,,
826-841-9884,MPU Straftaten – DE,Hamburg – Straftaten,mpu straftaten Hamburg,Phrase,,,,,,,,,,,,,,,,,,,,,,,,,
826-841-9884,MPU Straftaten – DE,Hamburg – Straftaten,mpu vorbereitung straftaten Hamburg,Phrase,,,,,,,,,,,,,,,,,,,,,,,,,
826-841-9884,MPU Straftaten – DE,Hamburg – Straftaten,mpu Hamburg straftat,Phrase,,,,,,,,,,,,,,,,,,,,,,,,,
826-841-9884,MPU Straftaten – DE,Hamburg – Straftaten,mpu wegen straftat Hamburg,Phrase,,,,,,,,,,,,,,,,,,,,,,,,,
826-841-9884,MPU Straftaten – DE,Hamburg – Straftaten,mpu beratung straftaten Hamburg,Phrase,,,,,,,,,,,,,,,,,,,,,,,,,
826-841-9884,MPU Vorbereitung – DE,Hamburg – Vorbereitung,mpu vorbereitung Hamburg,Phrase,,,,,,,,,,,,,,,,,,,,,,,,,
826-841-9884,MPU Vorbereitung – DE,Hamburg – Vorbereitung,mpu vorbereitungskurs Hamburg,Phrase,,,,,,,,,,,,,,,,,,,,,,,,,
826-841-9884,MPU Vorbereitung – DE,Hamburg – Vorbereitung,mpu Hamburg,Phrase,,,,,,,,,,,,,,,,,,,,,,,,,
826-841-9884,MPU Vorbereitung – DE,Hamburg – Vorbereitung,mpu hilfe Hamburg,Phrase,,,,,,,,,,,,,,,,,,,,,,,,,
826-841-9884,MPU Vorbereitung – DE,Hamburg – Vorbereitung,mpu kurs Hamburg,Phrase,,,,,,,,,,,,,,,,,,,,,,,,,
826-841-9884,MPU Vorbereitung – DE,Hamburg – Vorbereitung,mpu machen Hamburg,Phrase,,,,,,,,,,,,,,,,,,,,,,,,,
826-841-9884,MPU Beratung – DE,Hamburg – Beratung,mpu beratung Hamburg,Phrase,,,,,,,,,,,,,,,,,,,,,,,,,
826-841-9884,MPU Beratung – DE,Hamburg – Beratung,mpu berater Hamburg,Phrase,,,,,,,,,,,,,,,,,,,,,,,,,
826-841-9884,MPU Beratung – DE,Hamburg – Beratung,mpu hilfe Hamburg,Phrase,,,,,,,,,,,,,,,,,,,,,,,,,
826-841-9884,MPU Beratung – DE,Hamburg – Beratung,mpu beratungsstelle Hamburg,Phrase,,,,,,,,,,,,,,,,,,,,,,,,,
826-841-9884,MPU Beratung – DE,Hamburg – Beratung,mpu unterstützung Hamburg,Phrase,,,,,,,,,,,,,,,,,,,,,,,,,
826-841-9884,MPU Alkohol – DE,Hannover – Alkohol,mpu alkohol Hannover,Phrase,,,,,,,,,,,,,,,,,,,,,,,,,
826-841-9884,MPU Alkohol – DE,Hannover – Alkohol,mpu vorbereitung alkohol Hannover,Phrase,,,,,,,,,,,,,,,,,,,,,,,,,
826-841-9884,MPU Alkohol – DE,Hannover – Alkohol,mpu Hannover alkohol,Phrase,,,,,,,,,,,,,,,,,,,,,,,,,
826-841-9884,MPU Alkohol – DE,Hannover – Alkohol,abstinenznachweis alkohol Hannover,Phrase,,,,,,,,,,,,,,,,,,,,,,,,,
826-841-9884,MPU Alkohol – DE,Hannover – Alkohol,mpu wegen alkohol Hannover,Phrase,,,,,,,,,,,,,,,,,,,,,,,,,
826-841-9884,MPU Alkohol – DE,Hannover – Alkohol,mpu beratung alkohol Hannover,Phrase,,,,,,,,,,,,,,,,,,,,,,,,,
826-841-9884,MPU Punkte – DE,Hannover – Punkte,mpu punkte Hannover,Phrase,,,,,,,,,,,,,,,,,,,,,,,,,
826-841-9884,MPU Punkte – DE,Hannover – Punkte,mpu vorbereitung punkte Hannover,Phrase,,,,,,,,,,,,,,,,,,,,,,,,,
826-841-9884,MPU Punkte – DE,Hannover – Punkte,mpu Hannover punkte,Phrase,,,,,,,,,,,,,,,,,,,,,,,,,
826-841-9884,MPU Punkte – DE,Hannover – Punkte,mpu wegen punkten Hannover,Phrase,,,,,,,,,,,,,,,,,,,,,,,,,
826-841-9884,MPU Punkte – DE,Hannover – Punkte,8 punkte mpu Hannover,Phrase,,,,,,,,,,,,,,,,,,,,,,,,,
826-841-9884,MPU Punkte – DE,Hannover – Punkte,mpu beratung punkte Hannover,Phrase,,,,,,,,,,,,,,,,,,,,,,,,,
826-841-9884,MPU Straftaten – DE,Hannover – Straftaten,mpu straftaten Hannover,Phrase,,,,,,,,,,,,,,,,,,,,,,,,,
826-841-9884,MPU Straftaten – DE,Hannover – Straftaten,mpu vorbereitung straftaten Hannover,Phrase,,,,,,,,,,,,,,,,,,,,,,,,,
826-841-9884,MPU Straftaten – DE,Hannover – Straftaten,mpu Hannover straftat,Phrase,,,,,,,,,,,,,,,,,,,,,,,,,
826-841-9884,MPU Straftaten – DE,Hannover – Straftaten,mpu wegen straftat Hannover,Phrase,,,,,,,,,,,,,,,,,,,,,,,,,
826-841-9884,MPU Straftaten – DE,Hannover – Straftaten,mpu beratung straftaten Hannover,Phrase,,,,,,,,,,,,,,,,,,,,,,,,,
826-841-9884,MPU Vorbereitung – DE,Hannover – Vorbereitung,mpu vorbereitung Hannover,Phrase,,,,,,,,,,,,,,,,,,,,,,,,,
826-841-9884,MPU Vorbereitung – DE,Hannover – Vorbereitung,mpu vorbereitungskurs Hannover,Phrase,,,,,,,,,,,,,,,,,,,,,,,,,
826-841-9884,MPU Vorbereitung – DE,Hannover – Vorbereitung,mpu Hannover,Phrase,,,,,,,,,,,,,,,,,,,,,,,,,
826-841-9884,MPU Vorbereitung – DE,Hannover – Vorbereitung,mpu hilfe Hannover,Phrase,,,,,,,,,,,,,,,,,,,,,,,,,
826-841-9884,MPU Vorbereitung – DE,Hannover – Vorbereitung,mpu kurs Hannover,Phrase,,,,,,,,,,,,,,,,,,,,,,,,,
826-841-9884,MPU Vorbereitung – DE,Hannover – Vorbereitung,mpu machen Hannover,Phrase,,,,,,,,,,,,,,,,,,,,,,,,,
826-841-9884,MPU Beratung – DE,Hannover – Beratung,mpu beratung Hannover,Phrase,,,,,,,,,,,,,,,,,,,,,,,,,
826-841-9884,MPU Beratung – DE,Hannover – Beratung,mpu berater Hannover,Phrase,,,,,,,,,,,,,,,,,,,,,,,,,
826-841-9884,MPU Beratung – DE,Hannover – Beratung,mpu hilfe Hannover,Phrase,,,,,,,,,,,,,,,,,,,,,,,,,
826-841-9884,MPU Beratung – DE,Hannover – Beratung,mpu beratungsstelle Hannover,Phrase,,,,,,,,,,,,,,,,,,,,,,,,,
826-841-9884,MPU Beratung – DE,Hannover – Beratung,mpu unterstützung Hannover,Phrase,,,,,,,,,,,,,,,,,,,,,,,,,
826-841-9884,MPU Alkohol – DE,Köln – Alkohol,mpu alkohol Köln,Phrase,,,,,,,,,,,,,,,,,,,,,,,,,
826-841-9884,MPU Alkohol – DE,Köln – Alkohol,mpu vorbereitung alkohol Köln,Phrase,,,,,,,,,,,,,,,,,,,,,,,,,
826-841-9884,MPU Alkohol – DE,Köln – Alkohol,mpu Köln alkohol,Phrase,,,,,,,,,,,,,,,,,,,,,,,,,
826-841-9884,MPU Alkohol – DE,Köln – Alkohol,abstinenznachweis alkohol Köln,Phrase,,,,,,,,,,,,,,,,,,,,,,,,,
826-841-9884,MPU Alkohol – DE,Köln – Alkohol,mpu wegen alkohol Köln,Phrase,,,,,,,,,,,,,,,,,,,,,,,,,
826-841-9884,MPU Alkohol – DE,Köln – Alkohol,mpu beratung alkohol Köln,Phrase,,,,,,,,,,,,,,,,,,,,,,,,,
826-841-9884,MPU Punkte – DE,Köln – Punkte,mpu punkte Köln,Phrase,,,,,,,,,,,,,,,,,,,,,,,,,
826-841-9884,MPU Punkte – DE,Köln – Punkte,mpu vorbereitung punkte Köln,Phrase,,,,,,,,,,,,,,,,,,,,,,,,,
826-841-9884,MPU Punkte – DE,Köln – Punkte,mpu Köln punkte,Phrase,,,,,,,,,,,,,,,,,,,,,,,,,
826-841-9884,MPU Punkte – DE,Köln – Punkte,mpu wegen punkten Köln,Phrase,,,,,,,,,,,,,,,,,,,,,,,,,
826-841-9884,MPU Punkte – DE,Köln – Punkte,8 punkte mpu Köln,Phrase,,,,,,,,,,,,,,,,,,,,,,,,,
826-841-9884,MPU Punkte – DE,Köln – Punkte,mpu beratung punkte Köln,Phrase,,,,,,,,,,,,,,,,,,,,,,,,,
826-841-9884,MPU Straftaten – DE,Köln – Straftaten,mpu straftaten Köln,Phrase,,,,,,,,,,,,,,,,,,,,,,,,,
826-841-9884,MPU Straftaten – DE,Köln – Straftaten,mpu vorbereitung straftaten Köln,Phrase,,,,,,,,,,,,,,,,,,,,,,,,,
826-841-9884,MPU Straftaten – DE,Köln – Straftaten,mpu Köln straftat,Phrase,,,,,,,,,,,,,,,,,,,,,,,,,
826-841-9884,MPU Straftaten – DE,Köln – Straftaten,mpu wegen straftat Köln,Phrase,,,,,,,,,,,,,,,,,,,,,,,,,
826-841-9884,MPU Straftaten – DE,Köln – Straftaten,mpu beratung straftaten Köln,Phrase,,,,,,,,,,,,,,,,,,,,,,,,,
826-841-9884,MPU Vorbereitung – DE,Köln – Vorbereitung,mpu vorbereitung Köln,Phrase,,,,,,,,,,,,,,,,,,,,,,,,,
826-841-9884,MPU Vorbereitung – DE,Köln – Vorbereitung,mpu vorbereitungskurs Köln,Phrase,,,,,,,,,,,,,,,,,,,,,,,,,
826-841-9884,MPU Vorbereitung – DE,Köln – Vorbereitung,mpu Köln,Phrase,,,,,,,,,,,,,,,,,,,,,,,,,
826-841-9884,MPU Vorbereitung – DE,Köln – Vorbereitung,mpu hilfe Köln,Phrase,,,,,,,,,,,,,,,,,,,,,,,,,
826-841-9884,MPU Vorbereitung – DE,Köln – Vorbereitung,mpu kurs Köln,Phrase,,,,,,,,,,,,,,,,,,,,,,,,,
826-841-9884,MPU Vorbereitung – DE,Köln – Vorbereitung,mpu machen Köln,Phrase,,,,,,,,,,,,,,,,,,,,,,,,,
826-841-9884,MPU Beratung – DE,Köln – Beratung,mpu beratung Köln,Phrase,,,,,,,,,,,,,,,,,,,,,,,,,
826-841-9884,MPU Beratung – DE,Köln – Beratung,mpu berater Köln,Phrase,,,,,,,,,,,,,,,,,,,,,,,,,
826-841-9884,MPU Beratung – DE,Köln – Beratung,mpu hilfe Köln,Phrase,,,,,,,,,,,,,,,,,,,,,,,,,
826-841-9884,MPU Beratung – DE,Köln – Beratung,mpu beratungsstelle Köln,Phrase,,,,,,,,,,,,,,,,,,,,,,,,,
826-841-9884,MPU Beratung – DE,Köln – Beratung,mpu unterstützung Köln,Phrase,,,,,,,,,,,,,,,,,,,,,,,,,
826-841-9884,MPU Alkohol – DE,Leipzig – Alkohol,mpu alkohol Leipzig,Phrase,,,,,,,,,,,,,,,,,,,,,,,,,
826-841-9884,MPU Alkohol – DE,Leipzig – Alkohol,mpu vorbereitung alkohol Leipzig,Phrase,,,,,,,,,,,,,,,,,,,,,,,,,
826-841-9884,MPU Alkohol – DE,Leipzig – Alkohol,mpu Leipzig alkohol,Phrase,,,,,,,,,,,,,,,,,,,,,,,,,
826-841-9884,MPU Alkohol – DE,Leipzig – Alkohol,abstinenznachweis alkohol Leipzig,Phrase,,,,,,,,,,,,,,,,,,,,,,,,,
826-841-9884,MPU Alkohol – DE,Leipzig – Alkohol,mpu wegen alkohol Leipzig,Phrase,,,,,,,,,,,,,,,,,,,,,,,,,
826-841-9884,MPU Alkohol – DE,Leipzig – Alkohol,mpu beratung alkohol Leipzig,Phrase,,,,,,,,,,,,,,,,,,,,,,,,,
826-841-9884,MPU Punkte – DE,Leipzig – Punkte,mpu punkte Leipzig,Phrase,,,,,,,,,,,,,,,,,,,,,,,,,
826-841-9884,MPU Punkte – DE,Leipzig – Punkte,mpu vorbereitung punkte Leipzig,Phrase,,,,,,,,,,,,,,,,,,,,,,,,,
826-841-9884,MPU Punkte – DE,Leipzig – Punkte,mpu Leipzig punkte,Phrase,,,,,,,,,,,,,,,,,,,,,,,,,
826-841-9884,MPU Punkte – DE,Leipzig – Punkte,mpu wegen punkten Leipzig,Phrase,,,,,,,,,,,,,,,,,,,,,,,,,
826-841-9884,MPU Punkte – DE,Leipzig – Punkte,8 punkte mpu Leipzig,Phrase,,,,,,,,,,,,,,,,,,,,,,,,,
826-841-9884,MPU Punkte – DE,Leipzig – Punkte,mpu beratung punkte Leipzig,Phrase,,,,,,,,,,,,,,,,,,,,,,,,,
826-841-9884,MPU Straftaten – DE,Leipzig – Straftaten,mpu straftaten Leipzig,Phrase,,,,,,,,,,,,,,,,,,,,,,,,,
826-841-9884,MPU Straftaten – DE,Leipzig – Straftaten,mpu vorbereitung straftaten Leipzig,Phrase,,,,,,,,,,,,,,,,,,,,,,,,,
826-841-9884,MPU Straftaten – DE,Leipzig – Straftaten,mpu Leipzig straftat,Phrase,,,,,,,,,,,,,,,,,,,,,,,,,
826-841-9884,MPU Straftaten – DE,Leipzig – Straftaten,mpu wegen straftat Leipzig,Phrase,,,,,,,,,,,,,,,,,,,,,,,,,
826-841-9884,MPU Straftaten – DE,Leipzig – Straftaten,mpu beratung straftaten Leipzig,Phrase,,,,,,,,,,,,,,,,,,,,,,,,,
826-841-9884,MPU Vorbereitung – DE,Leipzig – Vorbereitung,mpu vorbereitung Leipzig,Phrase,,,,,,,,,,,,,,,,,,,,,,,,,
826-841-9884,MPU Vorbereitung – DE,Leipzig – Vorbereitung,mpu vorbereitungskurs Leipzig,Phrase,,,,,,,,,,,,,,,,,,,,,,,,,
826-841-9884,MPU Vorbereitung – DE,Leipzig – Vorbereitung,mpu Leipzig,Phrase,,,,,,,,,,,,,,,,,,,,,,,,,
826-841-9884,MPU Vorbereitung – DE,Leipzig – Vorbereitung,mpu hilfe Leipzig,Phrase,,,,,,,,,,,,,,,,,,,,,,,,,
826-841-9884,MPU Vorbereitung – DE,Leipzig – Vorbereitung,mpu kurs Leipzig,Phrase,,,,,,,,,,,,,,,,,,,,,,,,,
826-841-9884,MPU Vorbereitung – DE,Leipzig – Vorbereitung,mpu machen Leipzig,Phrase,,,,,,,,,,,,,,,,,,,,,,,,,
826-841-9884,MPU Beratung – DE,Leipzig – Beratung,mpu beratung Leipzig,Phrase,,,,,,,,,,,,,,,,,,,,,,,,,
826-841-9884,MPU Beratung – DE,Leipzig – Beratung,mpu berater Leipzig,Phrase,,,,,,,,,,,,,,,,,,,,,,,,,
826-841-9884,MPU Beratung – DE,Leipzig – Beratung,mpu hilfe Leipzig,Phrase,,,,,,,,,,,,,,,,,,,,,,,,,
826-841-9884,MPU Beratung – DE,Leipzig – Beratung,mpu beratungsstelle Leipzig,Phrase,,,,,,,,,,,,,,,,,,,,,,,,,
826-841-9884,MPU Beratung – DE,Leipzig – Beratung,mpu unterstützung Leipzig,Phrase,,,,,,,,,,,,,,,,,,,,,,,,,
826-841-9884,MPU Alkohol – DE,München – Alkohol,mpu alkohol München,Phrase,,,,,,,,,,,,,,,,,,,,,,,,,
826-841-9884,MPU Alkohol – DE,München – Alkohol,mpu vorbereitung alkohol München,Phrase,,,,,,,,,,,,,,,,,,,,,,,,,
826-841-9884,MPU Alkohol – DE,München – Alkohol,mpu München alkohol,Phrase,,,,,,,,,,,,,,,,,,,,,,,,,
826-841-9884,MPU Alkohol – DE,München – Alkohol,abstinenznachweis alkohol München,Phrase,,,,,,,,,,,,,,,,,,,,,,,,,
826-841-9884,MPU Alkohol – DE,München – Alkohol,mpu wegen alkohol München,Phrase,,,,,,,,,,,,,,,,,,,,,,,,,
826-841-9884,MPU Alkohol – DE,München – Alkohol,mpu beratung alkohol München,Phrase,,,,,,,,,,,,,,,,,,,,,,,,,
826-841-9884,MPU Punkte – DE,München – Punkte,mpu punkte München,Phrase,,,,,,,,,,,,,,,,,,,,,,,,,
826-841-9884,MPU Punkte – DE,München – Punkte,mpu vorbereitung punkte München,Phrase,,,,,,,,,,,,,,,,,,,,,,,,,
826-841-9884,MPU Punkte – DE,München – Punkte,mpu München punkte,Phrase,,,,,,,,,,,,,,,,,,,,,,,,,
826-841-9884,MPU Punkte – DE,München – Punkte,mpu wegen punkten München,Phrase,,,,,,,,,,,,,,,,,,,,,,,,,
826-841-9884,MPU Punkte – DE,München – Punkte,8 punkte mpu München,Phrase,,,,,,,,,,,,,,,,,,,,,,,,,
826-841-9884,MPU Punkte – DE,München – Punkte,mpu beratung punkte München,Phrase,,,,,,,,,,,,,,,,,,,,,,,,,
826-841-9884,MPU Straftaten – DE,München – Straftaten,mpu straftaten München,Phrase,,,,,,,,,,,,,,,,,,,,,,,,,
826-841-9884,MPU Straftaten – DE,München – Straftaten,mpu vorbereitung straftaten München,Phrase,,,,,,,,,,,,,,,,,,,,,,,,,
826-841-9884,MPU Straftaten – DE,München – Straftaten,mpu München straftat,Phrase,,,,,,,,,,,,,,,,,,,,,,,,,
826-841-9884,MPU Straftaten – DE,München – Straftaten,mpu wegen straftat München,Phrase,,,,,,,,,,,,,,,,,,,,,,,,,
826-841-9884,MPU Straftaten – DE,München – Straftaten,mpu beratung straftaten München,Phrase,,,,,,,,,,,,,,,,,,,,,,,,,
826-841-9884,MPU Vorbereitung – DE,München – Vorbereitung,mpu vorbereitung München,Phrase,,,,,,,,,,,,,,,,,,,,,,,,,
826-841-9884,MPU Vorbereitung – DE,München – Vorbereitung,mpu vorbereitungskurs München,Phrase,,,,,,,,,,,,,,,,,,,,,,,,,
826-841-9884,MPU Vorbereitung – DE,München – Vorbereitung,mpu München,Phrase,,,,,,,,,,,,,,,,,,,,,,,,,
826-841-9884,MPU Vorbereitung – DE,München – Vorbereitung,mpu hilfe München,Phrase,,,,,,,,,,,,,,,,,,,,,,,,,
826-841-9884,MPU Vorbereitung – DE,München – Vorbereitung,mpu kurs München,Phrase,,,,,,,,,,,,,,,,,,,,,,,,,
826-841-9884,MPU Vorbereitung – DE,München – Vorbereitung,mpu machen München,Phrase,,,,,,,,,,,,,,,,,,,,,,,,,
826-841-9884,MPU Beratung – DE,München – Beratung,mpu beratung München,Phrase,,,,,,,,,,,,,,,,,,,,,,,,,
826-841-9884,MPU Beratung – DE,München – Beratung,mpu berater München,Phrase,,,,,,,,,,,,,,,,,,,,,,,,,
826-841-9884,MPU Beratung – DE,München – Beratung,mpu hilfe München,Phrase,,,,,,,,,,,,,,,,,,,,,,,,,
826-841-9884,MPU Beratung – DE,München – Beratung,mpu beratungsstelle München,Phrase,,,,,,,,,,,,,,,,,,,,,,,,,
826-841-9884,MPU Beratung – DE,München – Beratung,mpu unterstützung München,Phrase,,,,,,,,,,,,,,,,,,,,,,,,,
826-841-9884,MPU Alkohol – DE,Stuttgart – Alkohol,mpu alkohol Stuttgart,Phrase,,,,,,,,,,,,,,,,,,,,,,,,,
826-841-9884,MPU Alkohol – DE,Stuttgart – Alkohol,mpu vorbereitung alkohol Stuttgart,Phrase,,,,,,,,,,,,,,,,,,,,,,,,,
826-841-9884,MPU Alkohol – DE,Stuttgart – Alkohol,mpu Stuttgart alkohol,Phrase,,,,,,,,,,,,,,,,,,,,,,,,,
826-841-9884,MPU Alkohol – DE,Stuttgart – Alkohol,abstinenznachweis alkohol Stuttgart,Phrase,,,,,,,,,,,,,,,,,,,,,,,,,
826-841-9884,MPU Alkohol – DE,Stuttgart – Alkohol,mpu wegen alkohol Stuttgart,Phrase,,,,,,,,,,,,,,,,,,,,,,,,,
826-841-9884,MPU Alkohol – DE,Stuttgart – Alkohol,mpu beratung alkohol Stuttgart,Phrase,,,,,,,,,,,,,,,,,,,,,,,,,
826-841-9884,MPU Punkte – DE,Stuttgart – Punkte,mpu punkte Stuttgart,Phrase,,,,,,,,,,,,,,,,,,,,,,,,,
826-841-9884,MPU Punkte – DE,Stuttgart – Punkte,mpu vorbereitung punkte Stuttgart,Phrase,,,,,,,,,,,,,,,,,,,,,,,,,
826-841-9884,MPU Punkte – DE,Stuttgart – Punkte,mpu Stuttgart punkte,Phrase,,,,,,,,,,,,,,,,,,,,,,,,,
826-841-9884,MPU Punkte – DE,Stuttgart – Punkte,mpu wegen punkten Stuttgart,Phrase,,,,,,,,,,,,,,,,,,,,,,,,,
826-841-9884,MPU Punkte – DE,Stuttgart – Punkte,8 punkte mpu Stuttgart,Phrase,,,,,,,,,,,,,,,,,,,,,,,,,
826-841-9884,MPU Punkte – DE,Stuttgart – Punkte,mpu beratung punkte Stuttgart,Phrase,,,,,,,,,,,,,,,,,,,,,,,,,
826-841-9884,MPU Straftaten – DE,Stuttgart – Straftaten,mpu straftaten Stuttgart,Phrase,,,,,,,,,,,,,,,,,,,,,,,,,
826-841-9884,MPU Straftaten – DE,Stuttgart – Straftaten,mpu vorbereitung straftaten Stuttgart,Phrase,,,,,,,,,,,,,,,,,,,,,,,,,
826-841-9884,MPU Straftaten – DE,Stuttgart – Straftaten,mpu Stuttgart straftat,Phrase,,,,,,,,,,,,,,,,,,,,,,,,,
826-841-9884,MPU Straftaten – DE,Stuttgart – Straftaten,mpu wegen straftat Stuttgart,Phrase,,,,,,,,,,,,,,,,,,,,,,,,,
826-841-9884,MPU Straftaten – DE,Stuttgart – Straftaten,mpu beratung straftaten Stuttgart,Phrase,,,,,,,,,,,,,,,,,,,,,,,,,
826-841-9884,MPU Vorbereitung – DE,Stuttgart – Vorbereitung,mpu vorbereitung Stuttgart,Phrase,,,,,,,,,,,,,,,,,,,,,,,,,
826-841-9884,MPU Vorbereitung – DE,Stuttgart – Vorbereitung,mpu vorbereitungskurs Stuttgart,Phrase,,,,,,,,,,,,,,,,,,,,,,,,,
826-841-9884,MPU Vorbereitung – DE,Stuttgart – Vorbereitung,mpu Stuttgart,Phrase,,,,,,,,,,,,,,,,,,,,,,,,,
826-841-9884,MPU Vorbereitung – DE,Stuttgart – Vorbereitung,mpu hilfe Stuttgart,Phrase,,,,,,,,,,,,,,,,,,,,,,,,,
826-841-9884,MPU Vorbereitung – DE,Stuttgart – Vorbereitung,mpu kurs Stuttgart,Phrase,,,,,,,,,,,,,,,,,,,,,,,,,
826-841-9884,MPU Vorbereitung – DE,Stuttgart – Vorbereitung,mpu machen Stuttgart,Phrase,,,,,,,,,,,,,,,,,,,,,,,,,
826-841-9884,MPU Beratung – DE,Stuttgart – Beratung,mpu beratung Stuttgart,Phrase,,,,,,,,,,,,,,,,,,,,,,,,,
826-841-9884,MPU Beratung – DE,Stuttgart – Beratung,mpu berater Stuttgart,Phrase,,,,,,,,,,,,,,,,,,,,,,,,,
826-841-9884,MPU Beratung – DE,Stuttgart – Beratung,mpu hilfe Stuttgart,Phrase,,,,,,,,,,,,,,,,,,,,,,,,,
826-841-9884,MPU Beratung – DE,Stuttgart – Beratung,mpu beratungsstelle Stuttgart,Phrase,,,,,,,,,,,,,,,,,,,,,,,,,
826-841-9884,MPU Beratung – DE,Stuttgart – Beratung,mpu unterstützung Stuttgart,Phrase,,,,,,,,,,,,,,,,,,,,,,,,,
826-841-9884,MPU Alkohol – DE,Berlin – Alkohol,,,,https://start.mpu-point.de/mpu-vorbereitung-berlin-alkohol.html,Responsive search ad,,,,,,,MPU Alkohol bestehen,MPU Alkohol meistern,MPU Berlin,MPU Vorbereitung Berlin,MPU Alkohol Berlin,MPU Vorbereitung online,Vom Verkehrstherapeuten,"98,8 % bestehen die MPU","Seit 2016, 5.000+ Kunden",Kostenlose Erstberatung,Faire Festpreise,Diskret & ohne Bewertung,MPU wegen Alkohol? Gezielte Vorbereitung auf die Fahreignung. Jetzt anfragen.,"MPU-Vorbereitung in Berlin: 100 % online, vom Verkehrstherapeuten.","Ehrlich, diskret, faire Festpreise. Seit 2016 über 5.000 Kunden begleitet.","Kostenloses Erstgespräch, ehrliche Einschätzung. Antwort meist in Stunden."
826-841-9884,MPU Punkte – DE,Berlin – Punkte,,,,https://start.mpu-point.de/mpu-vorbereitung-berlin-punkte.html,Responsive search ad,,,,,,,8 Punkte in Flensburg?,Nur Fahrverhalten zählt,MPU Berlin,MPU Vorbereitung Berlin,MPU Punkte Berlin,MPU Vorbereitung online,Vom Verkehrstherapeuten,"98,8 % bestehen die MPU","Seit 2016, 5.000+ Kunden",Kostenlose Erstberatung,Faire Festpreise,Diskret & ohne Bewertung,"MPU wegen Punkten: es zählt nur Ihr Fahrverhalten, nicht Alkohol oder Drogen.","MPU-Vorbereitung in Berlin: 100 % online, vom Verkehrstherapeuten.","Ehrlich, diskret, faire Festpreise. Seit 2016 über 5.000 Kunden begleitet.","Kostenloses Erstgespräch, ehrliche Einschätzung. Antwort meist in Stunden."
826-841-9884,MPU Straftaten – DE,Berlin – Straftaten,,,,https://start.mpu-point.de/mpu-vorbereitung-berlin-straftaten.html,Responsive search ad,,,,,,,MPU nach Straftat,Gezielt vorbereitet,MPU Berlin,MPU Vorbereitung Berlin,MPU Straftaten Berlin,MPU Vorbereitung online,Vom Verkehrstherapeuten,"98,8 % bestehen die MPU","Seit 2016, 5.000+ Kunden",Kostenlose Erstberatung,Faire Festpreise,Diskret & ohne Bewertung,MPU nach Straftat: gezielt auf die Fragestellung der Behörde vorbereitet.,"MPU-Vorbereitung in Berlin: 100 % online, vom Verkehrstherapeuten.","Ehrlich, diskret, faire Festpreise. Seit 2016 über 5.000 Kunden begleitet.","Kostenloses Erstgespräch, ehrliche Einschätzung. Antwort meist in Stunden."
826-841-9884,MPU Vorbereitung – DE,Berlin – Vorbereitung,,,,https://start.mpu-point.de/mpu-vorbereitung-berlin.html,Responsive search ad,,,,,,,MPU sicher vorbereiten,Ehrlich & individuell,MPU Berlin,MPU Vorbereitung Berlin,MPU Vorbereitung online,Vom Verkehrstherapeuten,"98,8 % bestehen die MPU","Seit 2016, 5.000+ Kunden",Kostenlose Erstberatung,Faire Festpreise,Diskret & ohne Bewertung,"4,9★ bei Google","Auf Ihren Anlass zugeschnitten: Alkohol, Drogen, Punkte oder Straftat.","MPU-Vorbereitung in Berlin: 100 % online, vom Verkehrstherapeuten.","Ehrlich, diskret, faire Festpreise. Seit 2016 über 5.000 Kunden begleitet.","Kostenloses Erstgespräch, ehrliche Einschätzung. Antwort meist in Stunden."
826-841-9884,MPU Beratung – DE,Berlin – Beratung,,,,https://start.mpu-point.de/mpu-beratung-berlin.html,Responsive search ad,,,,,,,Ehrliche MPU-Beratung,Kostenlos & unverbindlich,MPU Berlin,MPU Vorbereitung Berlin,MPU Beratung Berlin,MPU Vorbereitung online,Vom Verkehrstherapeuten,"98,8 % bestehen die MPU","Seit 2016, 5.000+ Kunden",Kostenlose Erstberatung,Faire Festpreise,Diskret & ohne Bewertung,"Erst zuhören, dann beraten – ehrliche Einschätzung Ihres Falls, kostenlos.","MPU-Vorbereitung in Berlin: 100 % online, vom Verkehrstherapeuten.","Ehrlich, diskret, faire Festpreise. Seit 2016 über 5.000 Kunden begleitet.","Kostenloses Erstgespräch, ehrliche Einschätzung. Antwort meist in Stunden."
826-841-9884,MPU Alkohol – DE,Dortmund – Alkohol,,,,https://start.mpu-point.de/mpu-vorbereitung-dortmund-alkohol.html,Responsive search ad,,,,,,,MPU Alkohol bestehen,MPU Alkohol meistern,MPU Dortmund,MPU Vorbereitung Dortmund,MPU Alkohol Dortmund,MPU Vorbereitung online,Vom Verkehrstherapeuten,"98,8 % bestehen die MPU","Seit 2016, 5.000+ Kunden",Kostenlose Erstberatung,Faire Festpreise,Diskret & ohne Bewertung,MPU wegen Alkohol? Gezielte Vorbereitung auf die Fahreignung. Jetzt anfragen.,"MPU-Vorbereitung in Dortmund: 100 % online, vom Verkehrstherapeuten.","Ehrlich, diskret, faire Festpreise. Seit 2016 über 5.000 Kunden begleitet.","Kostenloses Erstgespräch, ehrliche Einschätzung. Antwort meist in Stunden."
826-841-9884,MPU Punkte – DE,Dortmund – Punkte,,,,https://start.mpu-point.de/mpu-vorbereitung-dortmund-punkte.html,Responsive search ad,,,,,,,8 Punkte in Flensburg?,Nur Fahrverhalten zählt,MPU Dortmund,MPU Vorbereitung Dortmund,MPU Punkte Dortmund,MPU Vorbereitung online,Vom Verkehrstherapeuten,"98,8 % bestehen die MPU","Seit 2016, 5.000+ Kunden",Kostenlose Erstberatung,Faire Festpreise,Diskret & ohne Bewertung,"MPU wegen Punkten: es zählt nur Ihr Fahrverhalten, nicht Alkohol oder Drogen.","MPU-Vorbereitung in Dortmund: 100 % online, vom Verkehrstherapeuten.","Ehrlich, diskret, faire Festpreise. Seit 2016 über 5.000 Kunden begleitet.","Kostenloses Erstgespräch, ehrliche Einschätzung. Antwort meist in Stunden."
826-841-9884,MPU Straftaten – DE,Dortmund – Straftaten,,,,https://start.mpu-point.de/mpu-vorbereitung-dortmund-straftaten.html,Responsive search ad,,,,,,,MPU nach Straftat,Gezielt vorbereitet,MPU Dortmund,MPU Vorbereitung Dortmund,MPU Straftaten Dortmund,MPU Vorbereitung online,Vom Verkehrstherapeuten,"98,8 % bestehen die MPU","Seit 2016, 5.000+ Kunden",Kostenlose Erstberatung,Faire Festpreise,Diskret & ohne Bewertung,MPU nach Straftat: gezielt auf die Fragestellung der Behörde vorbereitet.,"MPU-Vorbereitung in Dortmund: 100 % online, vom Verkehrstherapeuten.","Ehrlich, diskret, faire Festpreise. Seit 2016 über 5.000 Kunden begleitet.","Kostenloses Erstgespräch, ehrliche Einschätzung. Antwort meist in Stunden."
826-841-9884,MPU Vorbereitung – DE,Dortmund – Vorbereitung,,,,https://start.mpu-point.de/mpu-vorbereitung-dortmund.html,Responsive search ad,,,,,,,MPU sicher vorbereiten,Ehrlich & individuell,MPU Dortmund,MPU Vorbereitung Dortmund,MPU Vorbereitung online,Vom Verkehrstherapeuten,"98,8 % bestehen die MPU","Seit 2016, 5.000+ Kunden",Kostenlose Erstberatung,Faire Festpreise,Diskret & ohne Bewertung,"4,9★ bei Google","Auf Ihren Anlass zugeschnitten: Alkohol, Drogen, Punkte oder Straftat.","MPU-Vorbereitung in Dortmund: 100 % online, vom Verkehrstherapeuten.","Ehrlich, diskret, faire Festpreise. Seit 2016 über 5.000 Kunden begleitet.","Kostenloses Erstgespräch, ehrliche Einschätzung. Antwort meist in Stunden."
826-841-9884,MPU Beratung – DE,Dortmund – Beratung,,,,https://start.mpu-point.de/mpu-beratung-dortmund.html,Responsive search ad,,,,,,,Ehrliche MPU-Beratung,Kostenlos & unverbindlich,MPU Dortmund,MPU Vorbereitung Dortmund,MPU Beratung Dortmund,MPU Vorbereitung online,Vom Verkehrstherapeuten,"98,8 % bestehen die MPU","Seit 2016, 5.000+ Kunden",Kostenlose Erstberatung,Faire Festpreise,Diskret & ohne Bewertung,"Erst zuhören, dann beraten – ehrliche Einschätzung Ihres Falls, kostenlos.","MPU-Vorbereitung in Dortmund: 100 % online, vom Verkehrstherapeuten.","Ehrlich, diskret, faire Festpreise. Seit 2016 über 5.000 Kunden begleitet.","Kostenloses Erstgespräch, ehrliche Einschätzung. Antwort meist in Stunden."
826-841-9884,MPU Alkohol – DE,Düsseldorf – Alkohol,,,,https://start.mpu-point.de/mpu-vorbereitung-duesseldorf-alkohol.html,Responsive search ad,,,,,,,MPU Alkohol bestehen,MPU Alkohol meistern,MPU Düsseldorf,MPU Vorbereitung Düsseldorf,MPU Alkohol Düsseldorf,MPU Vorbereitung online,Vom Verkehrstherapeuten,"98,8 % bestehen die MPU","Seit 2016, 5.000+ Kunden",Kostenlose Erstberatung,Faire Festpreise,Diskret & ohne Bewertung,MPU wegen Alkohol? Gezielte Vorbereitung auf die Fahreignung. Jetzt anfragen.,"MPU-Vorbereitung in Düsseldorf: 100 % online, vom Verkehrstherapeuten.","Ehrlich, diskret, faire Festpreise. Seit 2016 über 5.000 Kunden begleitet.","Kostenloses Erstgespräch, ehrliche Einschätzung. Antwort meist in Stunden."
826-841-9884,MPU Punkte – DE,Düsseldorf – Punkte,,,,https://start.mpu-point.de/mpu-vorbereitung-duesseldorf-punkte.html,Responsive search ad,,,,,,,8 Punkte in Flensburg?,Nur Fahrverhalten zählt,MPU Düsseldorf,MPU Vorbereitung Düsseldorf,MPU Punkte Düsseldorf,MPU Vorbereitung online,Vom Verkehrstherapeuten,"98,8 % bestehen die MPU","Seit 2016, 5.000+ Kunden",Kostenlose Erstberatung,Faire Festpreise,Diskret & ohne Bewertung,"MPU wegen Punkten: es zählt nur Ihr Fahrverhalten, nicht Alkohol oder Drogen.","MPU-Vorbereitung in Düsseldorf: 100 % online, vom Verkehrstherapeuten.","Ehrlich, diskret, faire Festpreise. Seit 2016 über 5.000 Kunden begleitet.","Kostenloses Erstgespräch, ehrliche Einschätzung. Antwort meist in Stunden."
826-841-9884,MPU Straftaten – DE,Düsseldorf – Straftaten,,,,https://start.mpu-point.de/mpu-vorbereitung-duesseldorf-straftaten.html,Responsive search ad,,,,,,,MPU nach Straftat,Gezielt vorbereitet,MPU Düsseldorf,MPU Vorbereitung Düsseldorf,MPU Straftaten Düsseldorf,MPU Vorbereitung online,Vom Verkehrstherapeuten,"98,8 % bestehen die MPU","Seit 2016, 5.000+ Kunden",Kostenlose Erstberatung,Faire Festpreise,Diskret & ohne Bewertung,MPU nach Straftat: gezielt auf die Fragestellung der Behörde vorbereitet.,"MPU-Vorbereitung in Düsseldorf: 100 % online, vom Verkehrstherapeuten.","Ehrlich, diskret, faire Festpreise. Seit 2016 über 5.000 Kunden begleitet.","Kostenloses Erstgespräch, ehrliche Einschätzung. Antwort meist in Stunden."
826-841-9884,MPU Vorbereitung – DE,Düsseldorf – Vorbereitung,,,,https://start.mpu-point.de/mpu-vorbereitung-duesseldorf.html,Responsive search ad,,,,,,,MPU sicher vorbereiten,Ehrlich & individuell,MPU Düsseldorf,MPU Vorbereitung Düsseldorf,MPU Vorbereitung online,Vom Verkehrstherapeuten,"98,8 % bestehen die MPU","Seit 2016, 5.000+ Kunden",Kostenlose Erstberatung,Faire Festpreise,Diskret & ohne Bewertung,"4,9★ bei Google","Auf Ihren Anlass zugeschnitten: Alkohol, Drogen, Punkte oder Straftat.","MPU-Vorbereitung in Düsseldorf: 100 % online, vom Verkehrstherapeuten.","Ehrlich, diskret, faire Festpreise. Seit 2016 über 5.000 Kunden begleitet.","Kostenloses Erstgespräch, ehrliche Einschätzung. Antwort meist in Stunden."
826-841-9884,MPU Beratung – DE,Düsseldorf – Beratung,,,,https://start.mpu-point.de/mpu-beratung-duesseldorf.html,Responsive search ad,,,,,,,Ehrliche MPU-Beratung,Kostenlos & unverbindlich,MPU Düsseldorf,MPU Vorbereitung Düsseldorf,MPU Beratung Düsseldorf,MPU Vorbereitung online,Vom Verkehrstherapeuten,"98,8 % bestehen die MPU","Seit 2016, 5.000+ Kunden",Kostenlose Erstberatung,Faire Festpreise,Diskret & ohne Bewertung,"Erst zuhören, dann beraten – ehrliche Einschätzung Ihres Falls, kostenlos.","MPU-Vorbereitung in Düsseldorf: 100 % online, vom Verkehrstherapeuten.","Ehrlich, diskret, faire Festpreise. Seit 2016 über 5.000 Kunden begleitet.","Kostenloses Erstgespräch, ehrliche Einschätzung. Antwort meist in Stunden."
826-841-9884,MPU Alkohol – DE,Duisburg – Alkohol,,,,https://start.mpu-point.de/mpu-vorbereitung-duisburg-alkohol.html,Responsive search ad,,,,,,,MPU Alkohol bestehen,MPU Alkohol meistern,MPU Duisburg,MPU Vorbereitung Duisburg,MPU Alkohol Duisburg,MPU Vorbereitung online,Vom Verkehrstherapeuten,"98,8 % bestehen die MPU","Seit 2016, 5.000+ Kunden",Kostenlose Erstberatung,Faire Festpreise,Diskret & ohne Bewertung,MPU wegen Alkohol? Gezielte Vorbereitung auf die Fahreignung. Jetzt anfragen.,"MPU-Vorbereitung in Duisburg: 100 % online, vom Verkehrstherapeuten.","Ehrlich, diskret, faire Festpreise. Seit 2016 über 5.000 Kunden begleitet.","Kostenloses Erstgespräch, ehrliche Einschätzung. Antwort meist in Stunden."
826-841-9884,MPU Punkte – DE,Duisburg – Punkte,,,,https://start.mpu-point.de/mpu-vorbereitung-duisburg-punkte.html,Responsive search ad,,,,,,,8 Punkte in Flensburg?,Nur Fahrverhalten zählt,MPU Duisburg,MPU Vorbereitung Duisburg,MPU Punkte Duisburg,MPU Vorbereitung online,Vom Verkehrstherapeuten,"98,8 % bestehen die MPU","Seit 2016, 5.000+ Kunden",Kostenlose Erstberatung,Faire Festpreise,Diskret & ohne Bewertung,"MPU wegen Punkten: es zählt nur Ihr Fahrverhalten, nicht Alkohol oder Drogen.","MPU-Vorbereitung in Duisburg: 100 % online, vom Verkehrstherapeuten.","Ehrlich, diskret, faire Festpreise. Seit 2016 über 5.000 Kunden begleitet.","Kostenloses Erstgespräch, ehrliche Einschätzung. Antwort meist in Stunden."
826-841-9884,MPU Straftaten – DE,Duisburg – Straftaten,,,,https://start.mpu-point.de/mpu-vorbereitung-duisburg-straftaten.html,Responsive search ad,,,,,,,MPU nach Straftat,Gezielt vorbereitet,MPU Duisburg,MPU Vorbereitung Duisburg,MPU Straftaten Duisburg,MPU Vorbereitung online,Vom Verkehrstherapeuten,"98,8 % bestehen die MPU","Seit 2016, 5.000+ Kunden",Kostenlose Erstberatung,Faire Festpreise,Diskret & ohne Bewertung,MPU nach Straftat: gezielt auf die Fragestellung der Behörde vorbereitet.,"MPU-Vorbereitung in Duisburg: 100 % online, vom Verkehrstherapeuten.","Ehrlich, diskret, faire Festpreise. Seit 2016 über 5.000 Kunden begleitet.","Kostenloses Erstgespräch, ehrliche Einschätzung. Antwort meist in Stunden."
826-841-9884,MPU Vorbereitung – DE,Duisburg – Vorbereitung,,,,https://start.mpu-point.de/mpu-vorbereitung-duisburg.html,Responsive search ad,,,,,,,MPU sicher vorbereiten,Ehrlich & individuell,MPU Duisburg,MPU Vorbereitung Duisburg,MPU Vorbereitung online,Vom Verkehrstherapeuten,"98,8 % bestehen die MPU","Seit 2016, 5.000+ Kunden",Kostenlose Erstberatung,Faire Festpreise,Diskret & ohne Bewertung,"4,9★ bei Google","Auf Ihren Anlass zugeschnitten: Alkohol, Drogen, Punkte oder Straftat.","MPU-Vorbereitung in Duisburg: 100 % online, vom Verkehrstherapeuten.","Ehrlich, diskret, faire Festpreise. Seit 2016 über 5.000 Kunden begleitet.","Kostenloses Erstgespräch, ehrliche Einschätzung. Antwort meist in Stunden."
826-841-9884,MPU Beratung – DE,Duisburg – Beratung,,,,https://start.mpu-point.de/mpu-beratung-duisburg.html,Responsive search ad,,,,,,,Ehrliche MPU-Beratung,Kostenlos & unverbindlich,MPU Duisburg,MPU Vorbereitung Duisburg,MPU Beratung Duisburg,MPU Vorbereitung online,Vom Verkehrstherapeuten,"98,8 % bestehen die MPU","Seit 2016, 5.000+ Kunden",Kostenlose Erstberatung,Faire Festpreise,Diskret & ohne Bewertung,"Erst zuhören, dann beraten – ehrliche Einschätzung Ihres Falls, kostenlos.","MPU-Vorbereitung in Duisburg: 100 % online, vom Verkehrstherapeuten.","Ehrlich, diskret, faire Festpreise. Seit 2016 über 5.000 Kunden begleitet.","Kostenloses Erstgespräch, ehrliche Einschätzung. Antwort meist in Stunden."
826-841-9884,MPU Alkohol – DE,Essen – Alkohol,,,,https://start.mpu-point.de/mpu-vorbereitung-essen-alkohol.html,Responsive search ad,,,,,,,MPU Alkohol bestehen,MPU Alkohol meistern,MPU Essen,MPU Vorbereitung Essen,MPU Alkohol Essen,MPU Vorbereitung online,Vom Verkehrstherapeuten,"98,8 % bestehen die MPU","Seit 2016, 5.000+ Kunden",Kostenlose Erstberatung,Faire Festpreise,Diskret & ohne Bewertung,MPU wegen Alkohol? Gezielte Vorbereitung auf die Fahreignung. Jetzt anfragen.,"MPU-Vorbereitung in Essen: 100 % online, vom Verkehrstherapeuten.","Ehrlich, diskret, faire Festpreise. Seit 2016 über 5.000 Kunden begleitet.","Kostenloses Erstgespräch, ehrliche Einschätzung. Antwort meist in Stunden."
826-841-9884,MPU Punkte – DE,Essen – Punkte,,,,https://start.mpu-point.de/mpu-vorbereitung-essen-punkte.html,Responsive search ad,,,,,,,8 Punkte in Flensburg?,Nur Fahrverhalten zählt,MPU Essen,MPU Vorbereitung Essen,MPU Punkte Essen,MPU Vorbereitung online,Vom Verkehrstherapeuten,"98,8 % bestehen die MPU","Seit 2016, 5.000+ Kunden",Kostenlose Erstberatung,Faire Festpreise,Diskret & ohne Bewertung,"MPU wegen Punkten: es zählt nur Ihr Fahrverhalten, nicht Alkohol oder Drogen.","MPU-Vorbereitung in Essen: 100 % online, vom Verkehrstherapeuten.","Ehrlich, diskret, faire Festpreise. Seit 2016 über 5.000 Kunden begleitet.","Kostenloses Erstgespräch, ehrliche Einschätzung. Antwort meist in Stunden."
826-841-9884,MPU Straftaten – DE,Essen – Straftaten,,,,https://start.mpu-point.de/mpu-vorbereitung-essen-straftaten.html,Responsive search ad,,,,,,,MPU nach Straftat,Gezielt vorbereitet,MPU Essen,MPU Vorbereitung Essen,MPU Straftaten Essen,MPU Vorbereitung online,Vom Verkehrstherapeuten,"98,8 % bestehen die MPU","Seit 2016, 5.000+ Kunden",Kostenlose Erstberatung,Faire Festpreise,Diskret & ohne Bewertung,MPU nach Straftat: gezielt auf die Fragestellung der Behörde vorbereitet.,"MPU-Vorbereitung in Essen: 100 % online, vom Verkehrstherapeuten.","Ehrlich, diskret, faire Festpreise. Seit 2016 über 5.000 Kunden begleitet.","Kostenloses Erstgespräch, ehrliche Einschätzung. Antwort meist in Stunden."
826-841-9884,MPU Vorbereitung – DE,Essen – Vorbereitung,,,,https://start.mpu-point.de/mpu-vorbereitung-essen.html,Responsive search ad,,,,,,,MPU sicher vorbereiten,Ehrlich & individuell,MPU Essen,MPU Vorbereitung Essen,MPU Vorbereitung online,Vom Verkehrstherapeuten,"98,8 % bestehen die MPU","Seit 2016, 5.000+ Kunden",Kostenlose Erstberatung,Faire Festpreise,Diskret & ohne Bewertung,"4,9★ bei Google","Auf Ihren Anlass zugeschnitten: Alkohol, Drogen, Punkte oder Straftat.","MPU-Vorbereitung in Essen: 100 % online, vom Verkehrstherapeuten.","Ehrlich, diskret, faire Festpreise. Seit 2016 über 5.000 Kunden begleitet.","Kostenloses Erstgespräch, ehrliche Einschätzung. Antwort meist in Stunden."
826-841-9884,MPU Beratung – DE,Essen – Beratung,,,,https://start.mpu-point.de/mpu-beratung-essen.html,Responsive search ad,,,,,,,Ehrliche MPU-Beratung,Kostenlos & unverbindlich,MPU Essen,MPU Vorbereitung Essen,MPU Beratung Essen,MPU Vorbereitung online,Vom Verkehrstherapeuten,"98,8 % bestehen die MPU","Seit 2016, 5.000+ Kunden",Kostenlose Erstberatung,Faire Festpreise,Diskret & ohne Bewertung,"Erst zuhören, dann beraten – ehrliche Einschätzung Ihres Falls, kostenlos.","MPU-Vorbereitung in Essen: 100 % online, vom Verkehrstherapeuten.","Ehrlich, diskret, faire Festpreise. Seit 2016 über 5.000 Kunden begleitet.","Kostenloses Erstgespräch, ehrliche Einschätzung. Antwort meist in Stunden."
826-841-9884,MPU Alkohol – DE,Frankfurt – Alkohol,,,,https://start.mpu-point.de/mpu-vorbereitung-frankfurt-alkohol.html,Responsive search ad,,,,,,,MPU Alkohol bestehen,MPU Alkohol meistern,MPU Frankfurt,MPU Vorbereitung Frankfurt,MPU Alkohol Frankfurt,MPU Vorbereitung online,Vom Verkehrstherapeuten,"98,8 % bestehen die MPU","Seit 2016, 5.000+ Kunden",Kostenlose Erstberatung,Faire Festpreise,Diskret & ohne Bewertung,MPU wegen Alkohol? Gezielte Vorbereitung auf die Fahreignung. Jetzt anfragen.,"MPU-Vorbereitung in Frankfurt: 100 % online, vom Verkehrstherapeuten.","Ehrlich, diskret, faire Festpreise. Seit 2016 über 5.000 Kunden begleitet.","Kostenloses Erstgespräch, ehrliche Einschätzung. Antwort meist in Stunden."
826-841-9884,MPU Punkte – DE,Frankfurt – Punkte,,,,https://start.mpu-point.de/mpu-vorbereitung-frankfurt-punkte.html,Responsive search ad,,,,,,,8 Punkte in Flensburg?,Nur Fahrverhalten zählt,MPU Frankfurt,MPU Vorbereitung Frankfurt,MPU Punkte Frankfurt,MPU Vorbereitung online,Vom Verkehrstherapeuten,"98,8 % bestehen die MPU","Seit 2016, 5.000+ Kunden",Kostenlose Erstberatung,Faire Festpreise,Diskret & ohne Bewertung,"MPU wegen Punkten: es zählt nur Ihr Fahrverhalten, nicht Alkohol oder Drogen.","MPU-Vorbereitung in Frankfurt: 100 % online, vom Verkehrstherapeuten.","Ehrlich, diskret, faire Festpreise. Seit 2016 über 5.000 Kunden begleitet.","Kostenloses Erstgespräch, ehrliche Einschätzung. Antwort meist in Stunden."
826-841-9884,MPU Straftaten – DE,Frankfurt – Straftaten,,,,https://start.mpu-point.de/mpu-vorbereitung-frankfurt-straftaten.html,Responsive search ad,,,,,,,MPU nach Straftat,Gezielt vorbereitet,MPU Frankfurt,MPU Vorbereitung Frankfurt,MPU Straftaten Frankfurt,MPU Vorbereitung online,Vom Verkehrstherapeuten,"98,8 % bestehen die MPU","Seit 2016, 5.000+ Kunden",Kostenlose Erstberatung,Faire Festpreise,Diskret & ohne Bewertung,MPU nach Straftat: gezielt auf die Fragestellung der Behörde vorbereitet.,"MPU-Vorbereitung in Frankfurt: 100 % online, vom Verkehrstherapeuten.","Ehrlich, diskret, faire Festpreise. Seit 2016 über 5.000 Kunden begleitet.","Kostenloses Erstgespräch, ehrliche Einschätzung. Antwort meist in Stunden."
826-841-9884,MPU Vorbereitung – DE,Frankfurt – Vorbereitung,,,,https://start.mpu-point.de/mpu-vorbereitung-frankfurt.html,Responsive search ad,,,,,,,MPU sicher vorbereiten,Ehrlich & individuell,MPU Frankfurt,MPU Vorbereitung Frankfurt,MPU Vorbereitung online,Vom Verkehrstherapeuten,"98,8 % bestehen die MPU","Seit 2016, 5.000+ Kunden",Kostenlose Erstberatung,Faire Festpreise,Diskret & ohne Bewertung,"4,9★ bei Google","Auf Ihren Anlass zugeschnitten: Alkohol, Drogen, Punkte oder Straftat.","MPU-Vorbereitung in Frankfurt: 100 % online, vom Verkehrstherapeuten.","Ehrlich, diskret, faire Festpreise. Seit 2016 über 5.000 Kunden begleitet.","Kostenloses Erstgespräch, ehrliche Einschätzung. Antwort meist in Stunden."
826-841-9884,MPU Beratung – DE,Frankfurt – Beratung,,,,https://start.mpu-point.de/mpu-beratung-frankfurt.html,Responsive search ad,,,,,,,Ehrliche MPU-Beratung,Kostenlos & unverbindlich,MPU Frankfurt,MPU Vorbereitung Frankfurt,MPU Beratung Frankfurt,MPU Vorbereitung online,Vom Verkehrstherapeuten,"98,8 % bestehen die MPU","Seit 2016, 5.000+ Kunden",Kostenlose Erstberatung,Faire Festpreise,Diskret & ohne Bewertung,"Erst zuhören, dann beraten – ehrliche Einschätzung Ihres Falls, kostenlos.","MPU-Vorbereitung in Frankfurt: 100 % online, vom Verkehrstherapeuten.","Ehrlich, diskret, faire Festpreise. Seit 2016 über 5.000 Kunden begleitet.","Kostenloses Erstgespräch, ehrliche Einschätzung. Antwort meist in Stunden."
826-841-9884,MPU Alkohol – DE,Hamburg – Alkohol,,,,https://start.mpu-point.de/mpu-vorbereitung-hamburg-alkohol.html,Responsive search ad,,,,,,,MPU Alkohol bestehen,MPU Alkohol meistern,MPU Hamburg,MPU Vorbereitung Hamburg,MPU Alkohol Hamburg,MPU Vorbereitung online,Vom Verkehrstherapeuten,"98,8 % bestehen die MPU","Seit 2016, 5.000+ Kunden",Kostenlose Erstberatung,Faire Festpreise,Diskret & ohne Bewertung,MPU wegen Alkohol? Gezielte Vorbereitung auf die Fahreignung. Jetzt anfragen.,"MPU-Vorbereitung in Hamburg: 100 % online, vom Verkehrstherapeuten.","Ehrlich, diskret, faire Festpreise. Seit 2016 über 5.000 Kunden begleitet.","Kostenloses Erstgespräch, ehrliche Einschätzung. Antwort meist in Stunden."
826-841-9884,MPU Punkte – DE,Hamburg – Punkte,,,,https://start.mpu-point.de/mpu-vorbereitung-hamburg-punkte.html,Responsive search ad,,,,,,,8 Punkte in Flensburg?,Nur Fahrverhalten zählt,MPU Hamburg,MPU Vorbereitung Hamburg,MPU Punkte Hamburg,MPU Vorbereitung online,Vom Verkehrstherapeuten,"98,8 % bestehen die MPU","Seit 2016, 5.000+ Kunden",Kostenlose Erstberatung,Faire Festpreise,Diskret & ohne Bewertung,"MPU wegen Punkten: es zählt nur Ihr Fahrverhalten, nicht Alkohol oder Drogen.","MPU-Vorbereitung in Hamburg: 100 % online, vom Verkehrstherapeuten.","Ehrlich, diskret, faire Festpreise. Seit 2016 über 5.000 Kunden begleitet.","Kostenloses Erstgespräch, ehrliche Einschätzung. Antwort meist in Stunden."
826-841-9884,MPU Straftaten – DE,Hamburg – Straftaten,,,,https://start.mpu-point.de/mpu-vorbereitung-hamburg-straftaten.html,Responsive search ad,,,,,,,MPU nach Straftat,Gezielt vorbereitet,MPU Hamburg,MPU Vorbereitung Hamburg,MPU Straftaten Hamburg,MPU Vorbereitung online,Vom Verkehrstherapeuten,"98,8 % bestehen die MPU","Seit 2016, 5.000+ Kunden",Kostenlose Erstberatung,Faire Festpreise,Diskret & ohne Bewertung,MPU nach Straftat: gezielt auf die Fragestellung der Behörde vorbereitet.,"MPU-Vorbereitung in Hamburg: 100 % online, vom Verkehrstherapeuten.","Ehrlich, diskret, faire Festpreise. Seit 2016 über 5.000 Kunden begleitet.","Kostenloses Erstgespräch, ehrliche Einschätzung. Antwort meist in Stunden."
826-841-9884,MPU Vorbereitung – DE,Hamburg – Vorbereitung,,,,https://start.mpu-point.de/mpu-vorbereitung-hamburg.html,Responsive search ad,,,,,,,MPU sicher vorbereiten,Ehrlich & individuell,MPU Hamburg,MPU Vorbereitung Hamburg,MPU Vorbereitung online,Vom Verkehrstherapeuten,"98,8 % bestehen die MPU","Seit 2016, 5.000+ Kunden",Kostenlose Erstberatung,Faire Festpreise,Diskret & ohne Bewertung,"4,9★ bei Google","Auf Ihren Anlass zugeschnitten: Alkohol, Drogen, Punkte oder Straftat.","MPU-Vorbereitung in Hamburg: 100 % online, vom Verkehrstherapeuten.","Ehrlich, diskret, faire Festpreise. Seit 2016 über 5.000 Kunden begleitet.","Kostenloses Erstgespräch, ehrliche Einschätzung. Antwort meist in Stunden."
826-841-9884,MPU Beratung – DE,Hamburg – Beratung,,,,https://start.mpu-point.de/mpu-beratung-hamburg.html,Responsive search ad,,,,,,,Ehrliche MPU-Beratung,Kostenlos & unverbindlich,MPU Hamburg,MPU Vorbereitung Hamburg,MPU Beratung Hamburg,MPU Vorbereitung online,Vom Verkehrstherapeuten,"98,8 % bestehen die MPU","Seit 2016, 5.000+ Kunden",Kostenlose Erstberatung,Faire Festpreise,Diskret & ohne Bewertung,"Erst zuhören, dann beraten – ehrliche Einschätzung Ihres Falls, kostenlos.","MPU-Vorbereitung in Hamburg: 100 % online, vom Verkehrstherapeuten.","Ehrlich, diskret, faire Festpreise. Seit 2016 über 5.000 Kunden begleitet.","Kostenloses Erstgespräch, ehrliche Einschätzung. Antwort meist in Stunden."
826-841-9884,MPU Alkohol – DE,Hannover – Alkohol,,,,https://start.mpu-point.de/mpu-vorbereitung-hannover-alkohol.html,Responsive search ad,,,,,,,MPU Alkohol bestehen,MPU Alkohol meistern,MPU Hannover,MPU Vorbereitung Hannover,MPU Alkohol Hannover,MPU Vorbereitung online,Vom Verkehrstherapeuten,"98,8 % bestehen die MPU","Seit 2016, 5.000+ Kunden",Kostenlose Erstberatung,Faire Festpreise,Diskret & ohne Bewertung,MPU wegen Alkohol? Gezielte Vorbereitung auf die Fahreignung. Jetzt anfragen.,"MPU-Vorbereitung in Hannover: 100 % online, vom Verkehrstherapeuten.","Ehrlich, diskret, faire Festpreise. Seit 2016 über 5.000 Kunden begleitet.","Kostenloses Erstgespräch, ehrliche Einschätzung. Antwort meist in Stunden."
826-841-9884,MPU Punkte – DE,Hannover – Punkte,,,,https://start.mpu-point.de/mpu-vorbereitung-hannover-punkte.html,Responsive search ad,,,,,,,8 Punkte in Flensburg?,Nur Fahrverhalten zählt,MPU Hannover,MPU Vorbereitung Hannover,MPU Punkte Hannover,MPU Vorbereitung online,Vom Verkehrstherapeuten,"98,8 % bestehen die MPU","Seit 2016, 5.000+ Kunden",Kostenlose Erstberatung,Faire Festpreise,Diskret & ohne Bewertung,"MPU wegen Punkten: es zählt nur Ihr Fahrverhalten, nicht Alkohol oder Drogen.","MPU-Vorbereitung in Hannover: 100 % online, vom Verkehrstherapeuten.","Ehrlich, diskret, faire Festpreise. Seit 2016 über 5.000 Kunden begleitet.","Kostenloses Erstgespräch, ehrliche Einschätzung. Antwort meist in Stunden."
826-841-9884,MPU Straftaten – DE,Hannover – Straftaten,,,,https://start.mpu-point.de/mpu-vorbereitung-hannover-straftaten.html,Responsive search ad,,,,,,,MPU nach Straftat,Gezielt vorbereitet,MPU Hannover,MPU Vorbereitung Hannover,MPU Straftaten Hannover,MPU Vorbereitung online,Vom Verkehrstherapeuten,"98,8 % bestehen die MPU","Seit 2016, 5.000+ Kunden",Kostenlose Erstberatung,Faire Festpreise,Diskret & ohne Bewertung,MPU nach Straftat: gezielt auf die Fragestellung der Behörde vorbereitet.,"MPU-Vorbereitung in Hannover: 100 % online, vom Verkehrstherapeuten.","Ehrlich, diskret, faire Festpreise. Seit 2016 über 5.000 Kunden begleitet.","Kostenloses Erstgespräch, ehrliche Einschätzung. Antwort meist in Stunden."
826-841-9884,MPU Vorbereitung – DE,Hannover – Vorbereitung,,,,https://start.mpu-point.de/mpu-vorbereitung-hannover.html,Responsive search ad,,,,,,,MPU sicher vorbereiten,Ehrlich & individuell,MPU Hannover,MPU Vorbereitung Hannover,MPU Vorbereitung online,Vom Verkehrstherapeuten,"98,8 % bestehen die MPU","Seit 2016, 5.000+ Kunden",Kostenlose Erstberatung,Faire Festpreise,Diskret & ohne Bewertung,"4,9★ bei Google","Auf Ihren Anlass zugeschnitten: Alkohol, Drogen, Punkte oder Straftat.","MPU-Vorbereitung in Hannover: 100 % online, vom Verkehrstherapeuten.","Ehrlich, diskret, faire Festpreise. Seit 2016 über 5.000 Kunden begleitet.","Kostenloses Erstgespräch, ehrliche Einschätzung. Antwort meist in Stunden."
826-841-9884,MPU Beratung – DE,Hannover – Beratung,,,,https://start.mpu-point.de/mpu-beratung-hannover.html,Responsive search ad,,,,,,,Ehrliche MPU-Beratung,Kostenlos & unverbindlich,MPU Hannover,MPU Vorbereitung Hannover,MPU Beratung Hannover,MPU Vorbereitung online,Vom Verkehrstherapeuten,"98,8 % bestehen die MPU","Seit 2016, 5.000+ Kunden",Kostenlose Erstberatung,Faire Festpreise,Diskret & ohne Bewertung,"Erst zuhören, dann beraten – ehrliche Einschätzung Ihres Falls, kostenlos.","MPU-Vorbereitung in Hannover: 100 % online, vom Verkehrstherapeuten.","Ehrlich, diskret, faire Festpreise. Seit 2016 über 5.000 Kunden begleitet.","Kostenloses Erstgespräch, ehrliche Einschätzung. Antwort meist in Stunden."
826-841-9884,MPU Alkohol – DE,Köln – Alkohol,,,,https://start.mpu-point.de/mpu-vorbereitung-koeln-alkohol.html,Responsive search ad,,,,,,,MPU Alkohol bestehen,MPU Alkohol meistern,MPU Köln,MPU Vorbereitung Köln,MPU Alkohol Köln,MPU Vorbereitung online,Vom Verkehrstherapeuten,"98,8 % bestehen die MPU","Seit 2016, 5.000+ Kunden",Kostenlose Erstberatung,Faire Festpreise,Diskret & ohne Bewertung,MPU wegen Alkohol? Gezielte Vorbereitung auf die Fahreignung. Jetzt anfragen.,"MPU-Vorbereitung in Köln: 100 % online, vom Verkehrstherapeuten.","Ehrlich, diskret, faire Festpreise. Seit 2016 über 5.000 Kunden begleitet.","Kostenloses Erstgespräch, ehrliche Einschätzung. Antwort meist in Stunden."
826-841-9884,MPU Punkte – DE,Köln – Punkte,,,,https://start.mpu-point.de/mpu-vorbereitung-koeln-punkte.html,Responsive search ad,,,,,,,8 Punkte in Flensburg?,Nur Fahrverhalten zählt,MPU Köln,MPU Vorbereitung Köln,MPU Punkte Köln,MPU Vorbereitung online,Vom Verkehrstherapeuten,"98,8 % bestehen die MPU","Seit 2016, 5.000+ Kunden",Kostenlose Erstberatung,Faire Festpreise,Diskret & ohne Bewertung,"MPU wegen Punkten: es zählt nur Ihr Fahrverhalten, nicht Alkohol oder Drogen.","MPU-Vorbereitung in Köln: 100 % online, vom Verkehrstherapeuten.","Ehrlich, diskret, faire Festpreise. Seit 2016 über 5.000 Kunden begleitet.","Kostenloses Erstgespräch, ehrliche Einschätzung. Antwort meist in Stunden."
826-841-9884,MPU Straftaten – DE,Köln – Straftaten,,,,https://start.mpu-point.de/mpu-vorbereitung-koeln-straftaten.html,Responsive search ad,,,,,,,MPU nach Straftat,Gezielt vorbereitet,MPU Köln,MPU Vorbereitung Köln,MPU Straftaten Köln,MPU Vorbereitung online,Vom Verkehrstherapeuten,"98,8 % bestehen die MPU","Seit 2016, 5.000+ Kunden",Kostenlose Erstberatung,Faire Festpreise,Diskret & ohne Bewertung,MPU nach Straftat: gezielt auf die Fragestellung der Behörde vorbereitet.,"MPU-Vorbereitung in Köln: 100 % online, vom Verkehrstherapeuten.","Ehrlich, diskret, faire Festpreise. Seit 2016 über 5.000 Kunden begleitet.","Kostenloses Erstgespräch, ehrliche Einschätzung. Antwort meist in Stunden."
826-841-9884,MPU Vorbereitung – DE,Köln – Vorbereitung,,,,https://start.mpu-point.de/mpu-vorbereitung-koeln.html,Responsive search ad,,,,,,,MPU sicher vorbereiten,Ehrlich & individuell,MPU Köln,MPU Vorbereitung Köln,MPU Vorbereitung online,Vom Verkehrstherapeuten,"98,8 % bestehen die MPU","Seit 2016, 5.000+ Kunden",Kostenlose Erstberatung,Faire Festpreise,Diskret & ohne Bewertung,"4,9★ bei Google","Auf Ihren Anlass zugeschnitten: Alkohol, Drogen, Punkte oder Straftat.","MPU-Vorbereitung in Köln: 100 % online, vom Verkehrstherapeuten.","Ehrlich, diskret, faire Festpreise. Seit 2016 über 5.000 Kunden begleitet.","Kostenloses Erstgespräch, ehrliche Einschätzung. Antwort meist in Stunden."
826-841-9884,MPU Beratung – DE,Köln – Beratung,,,,https://start.mpu-point.de/mpu-beratung-koeln.html,Responsive search ad,,,,,,,Ehrliche MPU-Beratung,Kostenlos & unverbindlich,MPU Köln,MPU Vorbereitung Köln,MPU Beratung Köln,MPU Vorbereitung online,Vom Verkehrstherapeuten,"98,8 % bestehen die MPU","Seit 2016, 5.000+ Kunden",Kostenlose Erstberatung,Faire Festpreise,Diskret & ohne Bewertung,"Erst zuhören, dann beraten – ehrliche Einschätzung Ihres Falls, kostenlos.","MPU-Vorbereitung in Köln: 100 % online, vom Verkehrstherapeuten.","Ehrlich, diskret, faire Festpreise. Seit 2016 über 5.000 Kunden begleitet.","Kostenloses Erstgespräch, ehrliche Einschätzung. Antwort meist in Stunden."
826-841-9884,MPU Alkohol – DE,Leipzig – Alkohol,,,,https://start.mpu-point.de/mpu-vorbereitung-leipzig-alkohol.html,Responsive search ad,,,,,,,MPU Alkohol bestehen,MPU Alkohol meistern,MPU Leipzig,MPU Vorbereitung Leipzig,MPU Alkohol Leipzig,MPU Vorbereitung online,Vom Verkehrstherapeuten,"98,8 % bestehen die MPU","Seit 2016, 5.000+ Kunden",Kostenlose Erstberatung,Faire Festpreise,Diskret & ohne Bewertung,MPU wegen Alkohol? Gezielte Vorbereitung auf die Fahreignung. Jetzt anfragen.,"MPU-Vorbereitung in Leipzig: 100 % online, vom Verkehrstherapeuten.","Ehrlich, diskret, faire Festpreise. Seit 2016 über 5.000 Kunden begleitet.","Kostenloses Erstgespräch, ehrliche Einschätzung. Antwort meist in Stunden."
826-841-9884,MPU Punkte – DE,Leipzig – Punkte,,,,https://start.mpu-point.de/mpu-vorbereitung-leipzig-punkte.html,Responsive search ad,,,,,,,8 Punkte in Flensburg?,Nur Fahrverhalten zählt,MPU Leipzig,MPU Vorbereitung Leipzig,MPU Punkte Leipzig,MPU Vorbereitung online,Vom Verkehrstherapeuten,"98,8 % bestehen die MPU","Seit 2016, 5.000+ Kunden",Kostenlose Erstberatung,Faire Festpreise,Diskret & ohne Bewertung,"MPU wegen Punkten: es zählt nur Ihr Fahrverhalten, nicht Alkohol oder Drogen.","MPU-Vorbereitung in Leipzig: 100 % online, vom Verkehrstherapeuten.","Ehrlich, diskret, faire Festpreise. Seit 2016 über 5.000 Kunden begleitet.","Kostenloses Erstgespräch, ehrliche Einschätzung. Antwort meist in Stunden."
826-841-9884,MPU Straftaten – DE,Leipzig – Straftaten,,,,https://start.mpu-point.de/mpu-vorbereitung-leipzig-straftaten.html,Responsive search ad,,,,,,,MPU nach Straftat,Gezielt vorbereitet,MPU Leipzig,MPU Vorbereitung Leipzig,MPU Straftaten Leipzig,MPU Vorbereitung online,Vom Verkehrstherapeuten,"98,8 % bestehen die MPU","Seit 2016, 5.000+ Kunden",Kostenlose Erstberatung,Faire Festpreise,Diskret & ohne Bewertung,MPU nach Straftat: gezielt auf die Fragestellung der Behörde vorbereitet.,"MPU-Vorbereitung in Leipzig: 100 % online, vom Verkehrstherapeuten.","Ehrlich, diskret, faire Festpreise. Seit 2016 über 5.000 Kunden begleitet.","Kostenloses Erstgespräch, ehrliche Einschätzung. Antwort meist in Stunden."
826-841-9884,MPU Vorbereitung – DE,Leipzig – Vorbereitung,,,,https://start.mpu-point.de/mpu-vorbereitung-leipzig.html,Responsive search ad,,,,,,,MPU sicher vorbereiten,Ehrlich & individuell,MPU Leipzig,MPU Vorbereitung Leipzig,MPU Vorbereitung online,Vom Verkehrstherapeuten,"98,8 % bestehen die MPU","Seit 2016, 5.000+ Kunden",Kostenlose Erstberatung,Faire Festpreise,Diskret & ohne Bewertung,"4,9★ bei Google","Auf Ihren Anlass zugeschnitten: Alkohol, Drogen, Punkte oder Straftat.","MPU-Vorbereitung in Leipzig: 100 % online, vom Verkehrstherapeuten.","Ehrlich, diskret, faire Festpreise. Seit 2016 über 5.000 Kunden begleitet.","Kostenloses Erstgespräch, ehrliche Einschätzung. Antwort meist in Stunden."
826-841-9884,MPU Beratung – DE,Leipzig – Beratung,,,,https://start.mpu-point.de/mpu-beratung-leipzig.html,Responsive search ad,,,,,,,Ehrliche MPU-Beratung,Kostenlos & unverbindlich,MPU Leipzig,MPU Vorbereitung Leipzig,MPU Beratung Leipzig,MPU Vorbereitung online,Vom Verkehrstherapeuten,"98,8 % bestehen die MPU","Seit 2016, 5.000+ Kunden",Kostenlose Erstberatung,Faire Festpreise,Diskret & ohne Bewertung,"Erst zuhören, dann beraten – ehrliche Einschätzung Ihres Falls, kostenlos.","MPU-Vorbereitung in Leipzig: 100 % online, vom Verkehrstherapeuten.","Ehrlich, diskret, faire Festpreise. Seit 2016 über 5.000 Kunden begleitet.","Kostenloses Erstgespräch, ehrliche Einschätzung. Antwort meist in Stunden."
826-841-9884,MPU Alkohol – DE,München – Alkohol,,,,https://start.mpu-point.de/mpu-vorbereitung-muenchen-alkohol.html,Responsive search ad,,,,,,,MPU Alkohol bestehen,MPU Alkohol meistern,MPU München,MPU Vorbereitung München,MPU Alkohol München,MPU Vorbereitung online,Vom Verkehrstherapeuten,"98,8 % bestehen die MPU","Seit 2016, 5.000+ Kunden",Kostenlose Erstberatung,Faire Festpreise,Diskret & ohne Bewertung,MPU wegen Alkohol? Gezielte Vorbereitung auf die Fahreignung. Jetzt anfragen.,"MPU-Vorbereitung in München: 100 % online, vom Verkehrstherapeuten.","Ehrlich, diskret, faire Festpreise. Seit 2016 über 5.000 Kunden begleitet.","Kostenloses Erstgespräch, ehrliche Einschätzung. Antwort meist in Stunden."
826-841-9884,MPU Punkte – DE,München – Punkte,,,,https://start.mpu-point.de/mpu-vorbereitung-muenchen-punkte.html,Responsive search ad,,,,,,,8 Punkte in Flensburg?,Nur Fahrverhalten zählt,MPU München,MPU Vorbereitung München,MPU Punkte München,MPU Vorbereitung online,Vom Verkehrstherapeuten,"98,8 % bestehen die MPU","Seit 2016, 5.000+ Kunden",Kostenlose Erstberatung,Faire Festpreise,Diskret & ohne Bewertung,"MPU wegen Punkten: es zählt nur Ihr Fahrverhalten, nicht Alkohol oder Drogen.","MPU-Vorbereitung in München: 100 % online, vom Verkehrstherapeuten.","Ehrlich, diskret, faire Festpreise. Seit 2016 über 5.000 Kunden begleitet.","Kostenloses Erstgespräch, ehrliche Einschätzung. Antwort meist in Stunden."
826-841-9884,MPU Straftaten – DE,München – Straftaten,,,,https://start.mpu-point.de/mpu-vorbereitung-muenchen-straftaten.html,Responsive search ad,,,,,,,MPU nach Straftat,Gezielt vorbereitet,MPU München,MPU Vorbereitung München,MPU Straftaten München,MPU Vorbereitung online,Vom Verkehrstherapeuten,"98,8 % bestehen die MPU","Seit 2016, 5.000+ Kunden",Kostenlose Erstberatung,Faire Festpreise,Diskret & ohne Bewertung,MPU nach Straftat: gezielt auf die Fragestellung der Behörde vorbereitet.,"MPU-Vorbereitung in München: 100 % online, vom Verkehrstherapeuten.","Ehrlich, diskret, faire Festpreise. Seit 2016 über 5.000 Kunden begleitet.","Kostenloses Erstgespräch, ehrliche Einschätzung. Antwort meist in Stunden."
826-841-9884,MPU Vorbereitung – DE,München – Vorbereitung,,,,https://start.mpu-point.de/mpu-vorbereitung-muenchen.html,Responsive search ad,,,,,,,MPU sicher vorbereiten,Ehrlich & individuell,MPU München,MPU Vorbereitung München,MPU Vorbereitung online,Vom Verkehrstherapeuten,"98,8 % bestehen die MPU","Seit 2016, 5.000+ Kunden",Kostenlose Erstberatung,Faire Festpreise,Diskret & ohne Bewertung,"4,9★ bei Google","Auf Ihren Anlass zugeschnitten: Alkohol, Drogen, Punkte oder Straftat.","MPU-Vorbereitung in München: 100 % online, vom Verkehrstherapeuten.","Ehrlich, diskret, faire Festpreise. Seit 2016 über 5.000 Kunden begleitet.","Kostenloses Erstgespräch, ehrliche Einschätzung. Antwort meist in Stunden."
826-841-9884,MPU Beratung – DE,München – Beratung,,,,https://start.mpu-point.de/mpu-beratung-muenchen.html,Responsive search ad,,,,,,,Ehrliche MPU-Beratung,Kostenlos & unverbindlich,MPU München,MPU Vorbereitung München,MPU Beratung München,MPU Vorbereitung online,Vom Verkehrstherapeuten,"98,8 % bestehen die MPU","Seit 2016, 5.000+ Kunden",Kostenlose Erstberatung,Faire Festpreise,Diskret & ohne Bewertung,"Erst zuhören, dann beraten – ehrliche Einschätzung Ihres Falls, kostenlos.","MPU-Vorbereitung in München: 100 % online, vom Verkehrstherapeuten.","Ehrlich, diskret, faire Festpreise. Seit 2016 über 5.000 Kunden begleitet.","Kostenloses Erstgespräch, ehrliche Einschätzung. Antwort meist in Stunden."
826-841-9884,MPU Alkohol – DE,Stuttgart – Alkohol,,,,https://start.mpu-point.de/mpu-vorbereitung-stuttgart-alkohol.html,Responsive search ad,,,,,,,MPU Alkohol bestehen,MPU Alkohol meistern,MPU Stuttgart,MPU Vorbereitung Stuttgart,MPU Alkohol Stuttgart,MPU Vorbereitung online,Vom Verkehrstherapeuten,"98,8 % bestehen die MPU","Seit 2016, 5.000+ Kunden",Kostenlose Erstberatung,Faire Festpreise,Diskret & ohne Bewertung,MPU wegen Alkohol? Gezielte Vorbereitung auf die Fahreignung. Jetzt anfragen.,"MPU-Vorbereitung in Stuttgart: 100 % online, vom Verkehrstherapeuten.","Ehrlich, diskret, faire Festpreise. Seit 2016 über 5.000 Kunden begleitet.","Kostenloses Erstgespräch, ehrliche Einschätzung. Antwort meist in Stunden."
826-841-9884,MPU Punkte – DE,Stuttgart – Punkte,,,,https://start.mpu-point.de/mpu-vorbereitung-stuttgart-punkte.html,Responsive search ad,,,,,,,8 Punkte in Flensburg?,Nur Fahrverhalten zählt,MPU Stuttgart,MPU Vorbereitung Stuttgart,MPU Punkte Stuttgart,MPU Vorbereitung online,Vom Verkehrstherapeuten,"98,8 % bestehen die MPU","Seit 2016, 5.000+ Kunden",Kostenlose Erstberatung,Faire Festpreise,Diskret & ohne Bewertung,"MPU wegen Punkten: es zählt nur Ihr Fahrverhalten, nicht Alkohol oder Drogen.","MPU-Vorbereitung in Stuttgart: 100 % online, vom Verkehrstherapeuten.","Ehrlich, diskret, faire Festpreise. Seit 2016 über 5.000 Kunden begleitet.","Kostenloses Erstgespräch, ehrliche Einschätzung. Antwort meist in Stunden."
826-841-9884,MPU Straftaten – DE,Stuttgart – Straftaten,,,,https://start.mpu-point.de/mpu-vorbereitung-stuttgart-straftaten.html,Responsive search ad,,,,,,,MPU nach Straftat,Gezielt vorbereitet,MPU Stuttgart,MPU Vorbereitung Stuttgart,MPU Straftaten Stuttgart,MPU Vorbereitung online,Vom Verkehrstherapeuten,"98,8 % bestehen die MPU","Seit 2016, 5.000+ Kunden",Kostenlose Erstberatung,Faire Festpreise,Diskret & ohne Bewertung,MPU nach Straftat: gezielt auf die Fragestellung der Behörde vorbereitet.,"MPU-Vorbereitung in Stuttgart: 100 % online, vom Verkehrstherapeuten.","Ehrlich, diskret, faire Festpreise. Seit 2016 über 5.000 Kunden begleitet.","Kostenloses Erstgespräch, ehrliche Einschätzung. Antwort meist in Stunden."
826-841-9884,MPU Vorbereitung – DE,Stuttgart – Vorbereitung,,,,https://start.mpu-point.de/mpu-vorbereitung-stuttgart.html,Responsive search ad,,,,,,,MPU sicher vorbereiten,Ehrlich & individuell,MPU Stuttgart,MPU Vorbereitung Stuttgart,MPU Vorbereitung online,Vom Verkehrstherapeuten,"98,8 % bestehen die MPU","Seit 2016, 5.000+ Kunden",Kostenlose Erstberatung,Faire Festpreise,Diskret & ohne Bewertung,"4,9★ bei Google","Auf Ihren Anlass zugeschnitten: Alkohol, Drogen, Punkte oder Straftat.","MPU-Vorbereitung in Stuttgart: 100 % online, vom Verkehrstherapeuten.","Ehrlich, diskret, faire Festpreise. Seit 2016 über 5.000 Kunden begleitet.","Kostenloses Erstgespräch, ehrliche Einschätzung. Antwort meist in Stunden."
826-841-9884,MPU Beratung – DE,Stuttgart – Beratung,,,,https://start.mpu-point.de/mpu-beratung-stuttgart.html,Responsive search ad,,,,,,,Ehrliche MPU-Beratung,Kostenlos & unverbindlich,MPU Stuttgart,MPU Vorbereitung Stuttgart,MPU Beratung Stuttgart,MPU Vorbereitung online,Vom Verkehrstherapeuten,"98,8 % bestehen die MPU","Seit 2016, 5.000+ Kunden",Kostenlose Erstberatung,Faire Festpreise,Diskret & ohne Bewertung,"Erst zuhören, dann beraten – ehrliche Einschätzung Ihres Falls, kostenlos.","MPU-Vorbereitung in Stuttgart: 100 % online, vom Verkehrstherapeuten.","Ehrlich, diskret, faire Festpreise. Seit 2016 über 5.000 Kunden begleitet.","Kostenloses Erstgespräch, ehrliche Einschätzung. Antwort meist in Stunden."
