Account,Campaign,Ad Group,Final URL,Headline 1,Headline 2,Headline 3,Headline 4,Headline 5,Headline 6,Headline 7,Headline 8,Headline 9,Headline 10,Headline 11,Headline 12,Description 1,Description 2,Description 3,Description 4
826-841-9884,MPU Alkohol – DE,Berlin – Alkohol,https://start.mpu-point.de/mpu-vorbereitung-berlin-alkohol.html,MPU Alkohol bestehen,MPU Alkohol meistern,MPU Berlin,MPU Vorbereitung Berlin,MPU Alkohol Berlin,MPU Vorbereitung online,Vom Verkehrstherapeuten,"98,8 % bestehen die MPU","Seit 2016, 5.000+ Kunden",Kostenlose Erstberatung,Faire Festpreise,Diskret & ohne Bewertung,MPU wegen Alkohol? Gezielte Vorbereitung auf die Fahreignung. Jetzt anfragen.,"MPU-Vorbereitung in Berlin: 100 % online, vom Verkehrstherapeuten.","Ehrlich, diskret, faire Festpreise. Seit 2016 über 5.000 Kunden begleitet.","Kostenloses Erstgespräch, ehrliche Einschätzung. Antwort meist in Stunden."
826-841-9884,MPU Drogen – DE,Berlin – Drogen,https://start.mpu-point.de/mpu-vorbereitung-berlin-drogen.html,MPU wegen Drogen bestehen,MPU Drogen Vorbereitung,MPU Berlin,MPU Vorbereitung Berlin,MPU Drogen Berlin,MPU Vorbereitung online,Vom Verkehrstherapeuten,"98,8 % bestehen die MPU","Seit 2016, 5.000+ Kunden",Kostenlose Erstberatung,Faire Festpreise,Diskret & ohne Bewertung,MPU wegen Drogen? Gezielte Vorbereitung auf die Fahreignung. Jetzt anfragen.,"MPU-Vorbereitung in Berlin: 100 % online, vom Verkehrstherapeuten.","Ehrlich, diskret, faire Festpreise. Seit 2016 über 5.000 Kunden begleitet.","Kostenloses Erstgespräch, ehrliche Einschätzung. Antwort meist in Stunden."
826-841-9884,MPU Punkte – DE,Berlin – Punkte,https://start.mpu-point.de/mpu-vorbereitung-berlin-punkte.html,8 Punkte in Flensburg?,Nur Fahrverhalten zählt,MPU Berlin,MPU Vorbereitung Berlin,MPU Punkte Berlin,MPU Vorbereitung online,Vom Verkehrstherapeuten,"98,8 % bestehen die MPU","Seit 2016, 5.000+ Kunden",Kostenlose Erstberatung,Faire Festpreise,Diskret & ohne Bewertung,"MPU wegen Punkten: es zählt nur Ihr Fahrverhalten, nicht Alkohol oder Drogen.","MPU-Vorbereitung in Berlin: 100 % online, vom Verkehrstherapeuten.","Ehrlich, diskret, faire Festpreise. Seit 2016 über 5.000 Kunden begleitet.","Kostenloses Erstgespräch, ehrliche Einschätzung. Antwort meist in Stunden."
826-841-9884,MPU Straftaten – DE,Berlin – Straftaten,https://start.mpu-point.de/mpu-vorbereitung-berlin-straftaten.html,MPU nach Straftat,Gezielt vorbereitet,MPU Berlin,MPU Vorbereitung Berlin,MPU Straftaten Berlin,MPU Vorbereitung online,Vom Verkehrstherapeuten,"98,8 % bestehen die MPU","Seit 2016, 5.000+ Kunden",Kostenlose Erstberatung,Faire Festpreise,Diskret & ohne Bewertung,MPU nach Straftat: gezielt auf die Fragestellung der Behörde vorbereitet.,"MPU-Vorbereitung in Berlin: 100 % online, vom Verkehrstherapeuten.","Ehrlich, diskret, faire Festpreise. Seit 2016 über 5.000 Kunden begleitet.","Kostenloses Erstgespräch, ehrliche Einschätzung. Antwort meist in Stunden."
826-841-9884,MPU Vorbereitung – DE,Berlin – Vorbereitung,https://start.mpu-point.de/mpu-vorbereitung-berlin.html,MPU sicher vorbereiten,Ehrlich & individuell,MPU Berlin,MPU Vorbereitung Berlin,MPU Vorbereitung online,Vom Verkehrstherapeuten,"98,8 % bestehen die MPU","Seit 2016, 5.000+ Kunden",Kostenlose Erstberatung,Faire Festpreise,Diskret & ohne Bewertung,"4,9★ bei Google","Auf Ihren Anlass zugeschnitten: Alkohol, Drogen, Punkte oder Straftat.","MPU-Vorbereitung in Berlin: 100 % online, vom Verkehrstherapeuten.","Ehrlich, diskret, faire Festpreise. Seit 2016 über 5.000 Kunden begleitet.","Kostenloses Erstgespräch, ehrliche Einschätzung. Antwort meist in Stunden."
826-841-9884,MPU Beratung – DE,Berlin – Beratung,https://start.mpu-point.de/mpu-beratung-berlin.html,Ehrliche MPU-Beratung,Kostenlos & unverbindlich,MPU Berlin,MPU Vorbereitung Berlin,MPU Beratung Berlin,MPU Vorbereitung online,Vom Verkehrstherapeuten,"98,8 % bestehen die MPU","Seit 2016, 5.000+ Kunden",Kostenlose Erstberatung,Faire Festpreise,Diskret & ohne Bewertung,"Erst zuhören, dann beraten – ehrliche Einschätzung Ihres Falls, kostenlos.","MPU-Vorbereitung in Berlin: 100 % online, vom Verkehrstherapeuten.","Ehrlich, diskret, faire Festpreise. Seit 2016 über 5.000 Kunden begleitet.","Kostenloses Erstgespräch, ehrliche Einschätzung. Antwort meist in Stunden."
826-841-9884,MPU Alkohol – DE,Dortmund – Alkohol,https://start.mpu-point.de/mpu-vorbereitung-dortmund-alkohol.html,MPU Alkohol bestehen,MPU Alkohol meistern,MPU Dortmund,MPU Vorbereitung Dortmund,MPU Alkohol Dortmund,MPU Vorbereitung online,Vom Verkehrstherapeuten,"98,8 % bestehen die MPU","Seit 2016, 5.000+ Kunden",Kostenlose Erstberatung,Faire Festpreise,Diskret & ohne Bewertung,MPU wegen Alkohol? Gezielte Vorbereitung auf die Fahreignung. Jetzt anfragen.,"MPU-Vorbereitung in Dortmund: 100 % online, vom Verkehrstherapeuten.","Ehrlich, diskret, faire Festpreise. Seit 2016 über 5.000 Kunden begleitet.","Kostenloses Erstgespräch, ehrliche Einschätzung. Antwort meist in Stunden."
826-841-9884,MPU Drogen – DE,Dortmund – Drogen,https://start.mpu-point.de/mpu-vorbereitung-dortmund-drogen.html,MPU wegen Drogen bestehen,MPU Drogen Vorbereitung,MPU Dortmund,MPU Vorbereitung Dortmund,MPU Drogen Dortmund,MPU Vorbereitung online,Vom Verkehrstherapeuten,"98,8 % bestehen die MPU","Seit 2016, 5.000+ Kunden",Kostenlose Erstberatung,Faire Festpreise,Diskret & ohne Bewertung,MPU wegen Drogen? Gezielte Vorbereitung auf die Fahreignung. Jetzt anfragen.,"MPU-Vorbereitung in Dortmund: 100 % online, vom Verkehrstherapeuten.","Ehrlich, diskret, faire Festpreise. Seit 2016 über 5.000 Kunden begleitet.","Kostenloses Erstgespräch, ehrliche Einschätzung. Antwort meist in Stunden."
826-841-9884,MPU Punkte – DE,Dortmund – Punkte,https://start.mpu-point.de/mpu-vorbereitung-dortmund-punkte.html,8 Punkte in Flensburg?,Nur Fahrverhalten zählt,MPU Dortmund,MPU Vorbereitung Dortmund,MPU Punkte Dortmund,MPU Vorbereitung online,Vom Verkehrstherapeuten,"98,8 % bestehen die MPU","Seit 2016, 5.000+ Kunden",Kostenlose Erstberatung,Faire Festpreise,Diskret & ohne Bewertung,"MPU wegen Punkten: es zählt nur Ihr Fahrverhalten, nicht Alkohol oder Drogen.","MPU-Vorbereitung in Dortmund: 100 % online, vom Verkehrstherapeuten.","Ehrlich, diskret, faire Festpreise. Seit 2016 über 5.000 Kunden begleitet.","Kostenloses Erstgespräch, ehrliche Einschätzung. Antwort meist in Stunden."
826-841-9884,MPU Straftaten – DE,Dortmund – Straftaten,https://start.mpu-point.de/mpu-vorbereitung-dortmund-straftaten.html,MPU nach Straftat,Gezielt vorbereitet,MPU Dortmund,MPU Vorbereitung Dortmund,MPU Straftaten Dortmund,MPU Vorbereitung online,Vom Verkehrstherapeuten,"98,8 % bestehen die MPU","Seit 2016, 5.000+ Kunden",Kostenlose Erstberatung,Faire Festpreise,Diskret & ohne Bewertung,MPU nach Straftat: gezielt auf die Fragestellung der Behörde vorbereitet.,"MPU-Vorbereitung in Dortmund: 100 % online, vom Verkehrstherapeuten.","Ehrlich, diskret, faire Festpreise. Seit 2016 über 5.000 Kunden begleitet.","Kostenloses Erstgespräch, ehrliche Einschätzung. Antwort meist in Stunden."
826-841-9884,MPU Vorbereitung – DE,Dortmund – Vorbereitung,https://start.mpu-point.de/mpu-vorbereitung-dortmund.html,MPU sicher vorbereiten,Ehrlich & individuell,MPU Dortmund,MPU Vorbereitung Dortmund,MPU Vorbereitung online,Vom Verkehrstherapeuten,"98,8 % bestehen die MPU","Seit 2016, 5.000+ Kunden",Kostenlose Erstberatung,Faire Festpreise,Diskret & ohne Bewertung,"4,9★ bei Google","Auf Ihren Anlass zugeschnitten: Alkohol, Drogen, Punkte oder Straftat.","MPU-Vorbereitung in Dortmund: 100 % online, vom Verkehrstherapeuten.","Ehrlich, diskret, faire Festpreise. Seit 2016 über 5.000 Kunden begleitet.","Kostenloses Erstgespräch, ehrliche Einschätzung. Antwort meist in Stunden."
826-841-9884,MPU Beratung – DE,Dortmund – Beratung,https://start.mpu-point.de/mpu-beratung-dortmund.html,Ehrliche MPU-Beratung,Kostenlos & unverbindlich,MPU Dortmund,MPU Vorbereitung Dortmund,MPU Beratung Dortmund,MPU Vorbereitung online,Vom Verkehrstherapeuten,"98,8 % bestehen die MPU","Seit 2016, 5.000+ Kunden",Kostenlose Erstberatung,Faire Festpreise,Diskret & ohne Bewertung,"Erst zuhören, dann beraten – ehrliche Einschätzung Ihres Falls, kostenlos.","MPU-Vorbereitung in Dortmund: 100 % online, vom Verkehrstherapeuten.","Ehrlich, diskret, faire Festpreise. Seit 2016 über 5.000 Kunden begleitet.","Kostenloses Erstgespräch, ehrliche Einschätzung. Antwort meist in Stunden."
826-841-9884,MPU Alkohol – DE,Düsseldorf – Alkohol,https://start.mpu-point.de/mpu-vorbereitung-duesseldorf-alkohol.html,MPU Alkohol bestehen,MPU Alkohol meistern,MPU Düsseldorf,MPU Vorbereitung Düsseldorf,MPU Alkohol Düsseldorf,MPU Vorbereitung online,Vom Verkehrstherapeuten,"98,8 % bestehen die MPU","Seit 2016, 5.000+ Kunden",Kostenlose Erstberatung,Faire Festpreise,Diskret & ohne Bewertung,MPU wegen Alkohol? Gezielte Vorbereitung auf die Fahreignung. Jetzt anfragen.,"MPU-Vorbereitung in Düsseldorf: 100 % online, vom Verkehrstherapeuten.","Ehrlich, diskret, faire Festpreise. Seit 2016 über 5.000 Kunden begleitet.","Kostenloses Erstgespräch, ehrliche Einschätzung. Antwort meist in Stunden."
826-841-9884,MPU Drogen – DE,Düsseldorf – Drogen,https://start.mpu-point.de/mpu-vorbereitung-duesseldorf-drogen.html,MPU wegen Drogen bestehen,MPU Drogen Vorbereitung,MPU Düsseldorf,MPU Vorbereitung Düsseldorf,MPU Drogen Düsseldorf,MPU Vorbereitung online,Vom Verkehrstherapeuten,"98,8 % bestehen die MPU","Seit 2016, 5.000+ Kunden",Kostenlose Erstberatung,Faire Festpreise,Diskret & ohne Bewertung,MPU wegen Drogen? Gezielte Vorbereitung auf die Fahreignung. Jetzt anfragen.,"MPU-Vorbereitung in Düsseldorf: 100 % online, vom Verkehrstherapeuten.","Ehrlich, diskret, faire Festpreise. Seit 2016 über 5.000 Kunden begleitet.","Kostenloses Erstgespräch, ehrliche Einschätzung. Antwort meist in Stunden."
826-841-9884,MPU Punkte – DE,Düsseldorf – Punkte,https://start.mpu-point.de/mpu-vorbereitung-duesseldorf-punkte.html,8 Punkte in Flensburg?,Nur Fahrverhalten zählt,MPU Düsseldorf,MPU Vorbereitung Düsseldorf,MPU Punkte Düsseldorf,MPU Vorbereitung online,Vom Verkehrstherapeuten,"98,8 % bestehen die MPU","Seit 2016, 5.000+ Kunden",Kostenlose Erstberatung,Faire Festpreise,Diskret & ohne Bewertung,"MPU wegen Punkten: es zählt nur Ihr Fahrverhalten, nicht Alkohol oder Drogen.","MPU-Vorbereitung in Düsseldorf: 100 % online, vom Verkehrstherapeuten.","Ehrlich, diskret, faire Festpreise. Seit 2016 über 5.000 Kunden begleitet.","Kostenloses Erstgespräch, ehrliche Einschätzung. Antwort meist in Stunden."
826-841-9884,MPU Straftaten – DE,Düsseldorf – Straftaten,https://start.mpu-point.de/mpu-vorbereitung-duesseldorf-straftaten.html,MPU nach Straftat,Gezielt vorbereitet,MPU Düsseldorf,MPU Vorbereitung Düsseldorf,MPU Straftaten Düsseldorf,MPU Vorbereitung online,Vom Verkehrstherapeuten,"98,8 % bestehen die MPU","Seit 2016, 5.000+ Kunden",Kostenlose Erstberatung,Faire Festpreise,Diskret & ohne Bewertung,MPU nach Straftat: gezielt auf die Fragestellung der Behörde vorbereitet.,"MPU-Vorbereitung in Düsseldorf: 100 % online, vom Verkehrstherapeuten.","Ehrlich, diskret, faire Festpreise. Seit 2016 über 5.000 Kunden begleitet.","Kostenloses Erstgespräch, ehrliche Einschätzung. Antwort meist in Stunden."
826-841-9884,MPU Vorbereitung – DE,Düsseldorf – Vorbereitung,https://start.mpu-point.de/mpu-vorbereitung-duesseldorf.html,MPU sicher vorbereiten,Ehrlich & individuell,MPU Düsseldorf,MPU Vorbereitung Düsseldorf,MPU Vorbereitung online,Vom Verkehrstherapeuten,"98,8 % bestehen die MPU","Seit 2016, 5.000+ Kunden",Kostenlose Erstberatung,Faire Festpreise,Diskret & ohne Bewertung,"4,9★ bei Google","Auf Ihren Anlass zugeschnitten: Alkohol, Drogen, Punkte oder Straftat.","MPU-Vorbereitung in Düsseldorf: 100 % online, vom Verkehrstherapeuten.","Ehrlich, diskret, faire Festpreise. Seit 2016 über 5.000 Kunden begleitet.","Kostenloses Erstgespräch, ehrliche Einschätzung. Antwort meist in Stunden."
826-841-9884,MPU Beratung – DE,Düsseldorf – Beratung,https://start.mpu-point.de/mpu-beratung-duesseldorf.html,Ehrliche MPU-Beratung,Kostenlos & unverbindlich,MPU Düsseldorf,MPU Vorbereitung Düsseldorf,MPU Beratung Düsseldorf,MPU Vorbereitung online,Vom Verkehrstherapeuten,"98,8 % bestehen die MPU","Seit 2016, 5.000+ Kunden",Kostenlose Erstberatung,Faire Festpreise,Diskret & ohne Bewertung,"Erst zuhören, dann beraten – ehrliche Einschätzung Ihres Falls, kostenlos.","MPU-Vorbereitung in Düsseldorf: 100 % online, vom Verkehrstherapeuten.","Ehrlich, diskret, faire Festpreise. Seit 2016 über 5.000 Kunden begleitet.","Kostenloses Erstgespräch, ehrliche Einschätzung. Antwort meist in Stunden."
826-841-9884,MPU Alkohol – DE,Duisburg – Alkohol,https://start.mpu-point.de/mpu-vorbereitung-duisburg-alkohol.html,MPU Alkohol bestehen,MPU Alkohol meistern,MPU Duisburg,MPU Vorbereitung Duisburg,MPU Alkohol Duisburg,MPU Vorbereitung online,Vom Verkehrstherapeuten,"98,8 % bestehen die MPU","Seit 2016, 5.000+ Kunden",Kostenlose Erstberatung,Faire Festpreise,Diskret & ohne Bewertung,MPU wegen Alkohol? Gezielte Vorbereitung auf die Fahreignung. Jetzt anfragen.,"MPU-Vorbereitung in Duisburg: 100 % online, vom Verkehrstherapeuten.","Ehrlich, diskret, faire Festpreise. Seit 2016 über 5.000 Kunden begleitet.","Kostenloses Erstgespräch, ehrliche Einschätzung. Antwort meist in Stunden."
826-841-9884,MPU Drogen – DE,Duisburg – Drogen,https://start.mpu-point.de/mpu-vorbereitung-duisburg-drogen.html,MPU wegen Drogen bestehen,MPU Drogen Vorbereitung,MPU Duisburg,MPU Vorbereitung Duisburg,MPU Drogen Duisburg,MPU Vorbereitung online,Vom Verkehrstherapeuten,"98,8 % bestehen die MPU","Seit 2016, 5.000+ Kunden",Kostenlose Erstberatung,Faire Festpreise,Diskret & ohne Bewertung,MPU wegen Drogen? Gezielte Vorbereitung auf die Fahreignung. Jetzt anfragen.,"MPU-Vorbereitung in Duisburg: 100 % online, vom Verkehrstherapeuten.","Ehrlich, diskret, faire Festpreise. Seit 2016 über 5.000 Kunden begleitet.","Kostenloses Erstgespräch, ehrliche Einschätzung. Antwort meist in Stunden."
826-841-9884,MPU Punkte – DE,Duisburg – Punkte,https://start.mpu-point.de/mpu-vorbereitung-duisburg-punkte.html,8 Punkte in Flensburg?,Nur Fahrverhalten zählt,MPU Duisburg,MPU Vorbereitung Duisburg,MPU Punkte Duisburg,MPU Vorbereitung online,Vom Verkehrstherapeuten,"98,8 % bestehen die MPU","Seit 2016, 5.000+ Kunden",Kostenlose Erstberatung,Faire Festpreise,Diskret & ohne Bewertung,"MPU wegen Punkten: es zählt nur Ihr Fahrverhalten, nicht Alkohol oder Drogen.","MPU-Vorbereitung in Duisburg: 100 % online, vom Verkehrstherapeuten.","Ehrlich, diskret, faire Festpreise. Seit 2016 über 5.000 Kunden begleitet.","Kostenloses Erstgespräch, ehrliche Einschätzung. Antwort meist in Stunden."
826-841-9884,MPU Straftaten – DE,Duisburg – Straftaten,https://start.mpu-point.de/mpu-vorbereitung-duisburg-straftaten.html,MPU nach Straftat,Gezielt vorbereitet,MPU Duisburg,MPU Vorbereitung Duisburg,MPU Straftaten Duisburg,MPU Vorbereitung online,Vom Verkehrstherapeuten,"98,8 % bestehen die MPU","Seit 2016, 5.000+ Kunden",Kostenlose Erstberatung,Faire Festpreise,Diskret & ohne Bewertung,MPU nach Straftat: gezielt auf die Fragestellung der Behörde vorbereitet.,"MPU-Vorbereitung in Duisburg: 100 % online, vom Verkehrstherapeuten.","Ehrlich, diskret, faire Festpreise. Seit 2016 über 5.000 Kunden begleitet.","Kostenloses Erstgespräch, ehrliche Einschätzung. Antwort meist in Stunden."
826-841-9884,MPU Vorbereitung – DE,Duisburg – Vorbereitung,https://start.mpu-point.de/mpu-vorbereitung-duisburg.html,MPU sicher vorbereiten,Ehrlich & individuell,MPU Duisburg,MPU Vorbereitung Duisburg,MPU Vorbereitung online,Vom Verkehrstherapeuten,"98,8 % bestehen die MPU","Seit 2016, 5.000+ Kunden",Kostenlose Erstberatung,Faire Festpreise,Diskret & ohne Bewertung,"4,9★ bei Google","Auf Ihren Anlass zugeschnitten: Alkohol, Drogen, Punkte oder Straftat.","MPU-Vorbereitung in Duisburg: 100 % online, vom Verkehrstherapeuten.","Ehrlich, diskret, faire Festpreise. Seit 2016 über 5.000 Kunden begleitet.","Kostenloses Erstgespräch, ehrliche Einschätzung. Antwort meist in Stunden."
826-841-9884,MPU Beratung – DE,Duisburg – Beratung,https://start.mpu-point.de/mpu-beratung-duisburg.html,Ehrliche MPU-Beratung,Kostenlos & unverbindlich,MPU Duisburg,MPU Vorbereitung Duisburg,MPU Beratung Duisburg,MPU Vorbereitung online,Vom Verkehrstherapeuten,"98,8 % bestehen die MPU","Seit 2016, 5.000+ Kunden",Kostenlose Erstberatung,Faire Festpreise,Diskret & ohne Bewertung,"Erst zuhören, dann beraten – ehrliche Einschätzung Ihres Falls, kostenlos.","MPU-Vorbereitung in Duisburg: 100 % online, vom Verkehrstherapeuten.","Ehrlich, diskret, faire Festpreise. Seit 2016 über 5.000 Kunden begleitet.","Kostenloses Erstgespräch, ehrliche Einschätzung. Antwort meist in Stunden."
826-841-9884,MPU Alkohol – DE,Essen – Alkohol,https://start.mpu-point.de/mpu-vorbereitung-essen-alkohol.html,MPU Alkohol bestehen,MPU Alkohol meistern,MPU Essen,MPU Vorbereitung Essen,MPU Alkohol Essen,MPU Vorbereitung online,Vom Verkehrstherapeuten,"98,8 % bestehen die MPU","Seit 2016, 5.000+ Kunden",Kostenlose Erstberatung,Faire Festpreise,Diskret & ohne Bewertung,MPU wegen Alkohol? Gezielte Vorbereitung auf die Fahreignung. Jetzt anfragen.,"MPU-Vorbereitung in Essen: 100 % online, vom Verkehrstherapeuten.","Ehrlich, diskret, faire Festpreise. Seit 2016 über 5.000 Kunden begleitet.","Kostenloses Erstgespräch, ehrliche Einschätzung. Antwort meist in Stunden."
826-841-9884,MPU Drogen – DE,Essen – Drogen,https://start.mpu-point.de/mpu-vorbereitung-essen-drogen.html,MPU wegen Drogen bestehen,MPU Drogen Vorbereitung,MPU Essen,MPU Vorbereitung Essen,MPU Drogen Essen,MPU Vorbereitung online,Vom Verkehrstherapeuten,"98,8 % bestehen die MPU","Seit 2016, 5.000+ Kunden",Kostenlose Erstberatung,Faire Festpreise,Diskret & ohne Bewertung,MPU wegen Drogen? Gezielte Vorbereitung auf die Fahreignung. Jetzt anfragen.,"MPU-Vorbereitung in Essen: 100 % online, vom Verkehrstherapeuten.","Ehrlich, diskret, faire Festpreise. Seit 2016 über 5.000 Kunden begleitet.","Kostenloses Erstgespräch, ehrliche Einschätzung. Antwort meist in Stunden."
826-841-9884,MPU Punkte – DE,Essen – Punkte,https://start.mpu-point.de/mpu-vorbereitung-essen-punkte.html,8 Punkte in Flensburg?,Nur Fahrverhalten zählt,MPU Essen,MPU Vorbereitung Essen,MPU Punkte Essen,MPU Vorbereitung online,Vom Verkehrstherapeuten,"98,8 % bestehen die MPU","Seit 2016, 5.000+ Kunden",Kostenlose Erstberatung,Faire Festpreise,Diskret & ohne Bewertung,"MPU wegen Punkten: es zählt nur Ihr Fahrverhalten, nicht Alkohol oder Drogen.","MPU-Vorbereitung in Essen: 100 % online, vom Verkehrstherapeuten.","Ehrlich, diskret, faire Festpreise. Seit 2016 über 5.000 Kunden begleitet.","Kostenloses Erstgespräch, ehrliche Einschätzung. Antwort meist in Stunden."
826-841-9884,MPU Straftaten – DE,Essen – Straftaten,https://start.mpu-point.de/mpu-vorbereitung-essen-straftaten.html,MPU nach Straftat,Gezielt vorbereitet,MPU Essen,MPU Vorbereitung Essen,MPU Straftaten Essen,MPU Vorbereitung online,Vom Verkehrstherapeuten,"98,8 % bestehen die MPU","Seit 2016, 5.000+ Kunden",Kostenlose Erstberatung,Faire Festpreise,Diskret & ohne Bewertung,MPU nach Straftat: gezielt auf die Fragestellung der Behörde vorbereitet.,"MPU-Vorbereitung in Essen: 100 % online, vom Verkehrstherapeuten.","Ehrlich, diskret, faire Festpreise. Seit 2016 über 5.000 Kunden begleitet.","Kostenloses Erstgespräch, ehrliche Einschätzung. Antwort meist in Stunden."
826-841-9884,MPU Vorbereitung – DE,Essen – Vorbereitung,https://start.mpu-point.de/mpu-vorbereitung-essen.html,MPU sicher vorbereiten,Ehrlich & individuell,MPU Essen,MPU Vorbereitung Essen,MPU Vorbereitung online,Vom Verkehrstherapeuten,"98,8 % bestehen die MPU","Seit 2016, 5.000+ Kunden",Kostenlose Erstberatung,Faire Festpreise,Diskret & ohne Bewertung,"4,9★ bei Google","Auf Ihren Anlass zugeschnitten: Alkohol, Drogen, Punkte oder Straftat.","MPU-Vorbereitung in Essen: 100 % online, vom Verkehrstherapeuten.","Ehrlich, diskret, faire Festpreise. Seit 2016 über 5.000 Kunden begleitet.","Kostenloses Erstgespräch, ehrliche Einschätzung. Antwort meist in Stunden."
826-841-9884,MPU Beratung – DE,Essen – Beratung,https://start.mpu-point.de/mpu-beratung-essen.html,Ehrliche MPU-Beratung,Kostenlos & unverbindlich,MPU Essen,MPU Vorbereitung Essen,MPU Beratung Essen,MPU Vorbereitung online,Vom Verkehrstherapeuten,"98,8 % bestehen die MPU","Seit 2016, 5.000+ Kunden",Kostenlose Erstberatung,Faire Festpreise,Diskret & ohne Bewertung,"Erst zuhören, dann beraten – ehrliche Einschätzung Ihres Falls, kostenlos.","MPU-Vorbereitung in Essen: 100 % online, vom Verkehrstherapeuten.","Ehrlich, diskret, faire Festpreise. Seit 2016 über 5.000 Kunden begleitet.","Kostenloses Erstgespräch, ehrliche Einschätzung. Antwort meist in Stunden."
826-841-9884,MPU Alkohol – DE,Frankfurt – Alkohol,https://start.mpu-point.de/mpu-vorbereitung-frankfurt-alkohol.html,MPU Alkohol bestehen,MPU Alkohol meistern,MPU Frankfurt,MPU Vorbereitung Frankfurt,MPU Alkohol Frankfurt,MPU Vorbereitung online,Vom Verkehrstherapeuten,"98,8 % bestehen die MPU","Seit 2016, 5.000+ Kunden",Kostenlose Erstberatung,Faire Festpreise,Diskret & ohne Bewertung,MPU wegen Alkohol? Gezielte Vorbereitung auf die Fahreignung. Jetzt anfragen.,"MPU-Vorbereitung in Frankfurt: 100 % online, vom Verkehrstherapeuten.","Ehrlich, diskret, faire Festpreise. Seit 2016 über 5.000 Kunden begleitet.","Kostenloses Erstgespräch, ehrliche Einschätzung. Antwort meist in Stunden."
826-841-9884,MPU Drogen – DE,Frankfurt – Drogen,https://start.mpu-point.de/mpu-vorbereitung-frankfurt-drogen.html,MPU wegen Drogen bestehen,MPU Drogen Vorbereitung,MPU Frankfurt,MPU Vorbereitung Frankfurt,MPU Drogen Frankfurt,MPU Vorbereitung online,Vom Verkehrstherapeuten,"98,8 % bestehen die MPU","Seit 2016, 5.000+ Kunden",Kostenlose Erstberatung,Faire Festpreise,Diskret & ohne Bewertung,MPU wegen Drogen? Gezielte Vorbereitung auf die Fahreignung. Jetzt anfragen.,"MPU-Vorbereitung in Frankfurt: 100 % online, vom Verkehrstherapeuten.","Ehrlich, diskret, faire Festpreise. Seit 2016 über 5.000 Kunden begleitet.","Kostenloses Erstgespräch, ehrliche Einschätzung. Antwort meist in Stunden."
826-841-9884,MPU Punkte – DE,Frankfurt – Punkte,https://start.mpu-point.de/mpu-vorbereitung-frankfurt-punkte.html,8 Punkte in Flensburg?,Nur Fahrverhalten zählt,MPU Frankfurt,MPU Vorbereitung Frankfurt,MPU Punkte Frankfurt,MPU Vorbereitung online,Vom Verkehrstherapeuten,"98,8 % bestehen die MPU","Seit 2016, 5.000+ Kunden",Kostenlose Erstberatung,Faire Festpreise,Diskret & ohne Bewertung,"MPU wegen Punkten: es zählt nur Ihr Fahrverhalten, nicht Alkohol oder Drogen.","MPU-Vorbereitung in Frankfurt: 100 % online, vom Verkehrstherapeuten.","Ehrlich, diskret, faire Festpreise. Seit 2016 über 5.000 Kunden begleitet.","Kostenloses Erstgespräch, ehrliche Einschätzung. Antwort meist in Stunden."
826-841-9884,MPU Straftaten – DE,Frankfurt – Straftaten,https://start.mpu-point.de/mpu-vorbereitung-frankfurt-straftaten.html,MPU nach Straftat,Gezielt vorbereitet,MPU Frankfurt,MPU Vorbereitung Frankfurt,MPU Straftaten Frankfurt,MPU Vorbereitung online,Vom Verkehrstherapeuten,"98,8 % bestehen die MPU","Seit 2016, 5.000+ Kunden",Kostenlose Erstberatung,Faire Festpreise,Diskret & ohne Bewertung,MPU nach Straftat: gezielt auf die Fragestellung der Behörde vorbereitet.,"MPU-Vorbereitung in Frankfurt: 100 % online, vom Verkehrstherapeuten.","Ehrlich, diskret, faire Festpreise. Seit 2016 über 5.000 Kunden begleitet.","Kostenloses Erstgespräch, ehrliche Einschätzung. Antwort meist in Stunden."
826-841-9884,MPU Vorbereitung – DE,Frankfurt – Vorbereitung,https://start.mpu-point.de/mpu-vorbereitung-frankfurt.html,MPU sicher vorbereiten,Ehrlich & individuell,MPU Frankfurt,MPU Vorbereitung Frankfurt,MPU Vorbereitung online,Vom Verkehrstherapeuten,"98,8 % bestehen die MPU","Seit 2016, 5.000+ Kunden",Kostenlose Erstberatung,Faire Festpreise,Diskret & ohne Bewertung,"4,9★ bei Google","Auf Ihren Anlass zugeschnitten: Alkohol, Drogen, Punkte oder Straftat.","MPU-Vorbereitung in Frankfurt: 100 % online, vom Verkehrstherapeuten.","Ehrlich, diskret, faire Festpreise. Seit 2016 über 5.000 Kunden begleitet.","Kostenloses Erstgespräch, ehrliche Einschätzung. Antwort meist in Stunden."
826-841-9884,MPU Beratung – DE,Frankfurt – Beratung,https://start.mpu-point.de/mpu-beratung-frankfurt.html,Ehrliche MPU-Beratung,Kostenlos & unverbindlich,MPU Frankfurt,MPU Vorbereitung Frankfurt,MPU Beratung Frankfurt,MPU Vorbereitung online,Vom Verkehrstherapeuten,"98,8 % bestehen die MPU","Seit 2016, 5.000+ Kunden",Kostenlose Erstberatung,Faire Festpreise,Diskret & ohne Bewertung,"Erst zuhören, dann beraten – ehrliche Einschätzung Ihres Falls, kostenlos.","MPU-Vorbereitung in Frankfurt: 100 % online, vom Verkehrstherapeuten.","Ehrlich, diskret, faire Festpreise. Seit 2016 über 5.000 Kunden begleitet.","Kostenloses Erstgespräch, ehrliche Einschätzung. Antwort meist in Stunden."
826-841-9884,MPU Alkohol – DE,Hamburg – Alkohol,https://start.mpu-point.de/mpu-vorbereitung-hamburg-alkohol.html,MPU Alkohol bestehen,MPU Alkohol meistern,MPU Hamburg,MPU Vorbereitung Hamburg,MPU Alkohol Hamburg,MPU Vorbereitung online,Vom Verkehrstherapeuten,"98,8 % bestehen die MPU","Seit 2016, 5.000+ Kunden",Kostenlose Erstberatung,Faire Festpreise,Diskret & ohne Bewertung,MPU wegen Alkohol? Gezielte Vorbereitung auf die Fahreignung. Jetzt anfragen.,"MPU-Vorbereitung in Hamburg: 100 % online, vom Verkehrstherapeuten.","Ehrlich, diskret, faire Festpreise. Seit 2016 über 5.000 Kunden begleitet.","Kostenloses Erstgespräch, ehrliche Einschätzung. Antwort meist in Stunden."
826-841-9884,MPU Drogen – DE,Hamburg – Drogen,https://start.mpu-point.de/mpu-vorbereitung-hamburg-drogen.html,MPU wegen Drogen bestehen,MPU Drogen Vorbereitung,MPU Hamburg,MPU Vorbereitung Hamburg,MPU Drogen Hamburg,MPU Vorbereitung online,Vom Verkehrstherapeuten,"98,8 % bestehen die MPU","Seit 2016, 5.000+ Kunden",Kostenlose Erstberatung,Faire Festpreise,Diskret & ohne Bewertung,MPU wegen Drogen? Gezielte Vorbereitung auf die Fahreignung. Jetzt anfragen.,"MPU-Vorbereitung in Hamburg: 100 % online, vom Verkehrstherapeuten.","Ehrlich, diskret, faire Festpreise. Seit 2016 über 5.000 Kunden begleitet.","Kostenloses Erstgespräch, ehrliche Einschätzung. Antwort meist in Stunden."
826-841-9884,MPU Punkte – DE,Hamburg – Punkte,https://start.mpu-point.de/mpu-vorbereitung-hamburg-punkte.html,8 Punkte in Flensburg?,Nur Fahrverhalten zählt,MPU Hamburg,MPU Vorbereitung Hamburg,MPU Punkte Hamburg,MPU Vorbereitung online,Vom Verkehrstherapeuten,"98,8 % bestehen die MPU","Seit 2016, 5.000+ Kunden",Kostenlose Erstberatung,Faire Festpreise,Diskret & ohne Bewertung,"MPU wegen Punkten: es zählt nur Ihr Fahrverhalten, nicht Alkohol oder Drogen.","MPU-Vorbereitung in Hamburg: 100 % online, vom Verkehrstherapeuten.","Ehrlich, diskret, faire Festpreise. Seit 2016 über 5.000 Kunden begleitet.","Kostenloses Erstgespräch, ehrliche Einschätzung. Antwort meist in Stunden."
826-841-9884,MPU Straftaten – DE,Hamburg – Straftaten,https://start.mpu-point.de/mpu-vorbereitung-hamburg-straftaten.html,MPU nach Straftat,Gezielt vorbereitet,MPU Hamburg,MPU Vorbereitung Hamburg,MPU Straftaten Hamburg,MPU Vorbereitung online,Vom Verkehrstherapeuten,"98,8 % bestehen die MPU","Seit 2016, 5.000+ Kunden",Kostenlose Erstberatung,Faire Festpreise,Diskret & ohne Bewertung,MPU nach Straftat: gezielt auf die Fragestellung der Behörde vorbereitet.,"MPU-Vorbereitung in Hamburg: 100 % online, vom Verkehrstherapeuten.","Ehrlich, diskret, faire Festpreise. Seit 2016 über 5.000 Kunden begleitet.","Kostenloses Erstgespräch, ehrliche Einschätzung. Antwort meist in Stunden."
826-841-9884,MPU Vorbereitung – DE,Hamburg – Vorbereitung,https://start.mpu-point.de/mpu-vorbereitung-hamburg.html,MPU sicher vorbereiten,Ehrlich & individuell,MPU Hamburg,MPU Vorbereitung Hamburg,MPU Vorbereitung online,Vom Verkehrstherapeuten,"98,8 % bestehen die MPU","Seit 2016, 5.000+ Kunden",Kostenlose Erstberatung,Faire Festpreise,Diskret & ohne Bewertung,"4,9★ bei Google","Auf Ihren Anlass zugeschnitten: Alkohol, Drogen, Punkte oder Straftat.","MPU-Vorbereitung in Hamburg: 100 % online, vom Verkehrstherapeuten.","Ehrlich, diskret, faire Festpreise. Seit 2016 über 5.000 Kunden begleitet.","Kostenloses Erstgespräch, ehrliche Einschätzung. Antwort meist in Stunden."
826-841-9884,MPU Beratung – DE,Hamburg – Beratung,https://start.mpu-point.de/mpu-beratung-hamburg.html,Ehrliche MPU-Beratung,Kostenlos & unverbindlich,MPU Hamburg,MPU Vorbereitung Hamburg,MPU Beratung Hamburg,MPU Vorbereitung online,Vom Verkehrstherapeuten,"98,8 % bestehen die MPU","Seit 2016, 5.000+ Kunden",Kostenlose Erstberatung,Faire Festpreise,Diskret & ohne Bewertung,"Erst zuhören, dann beraten – ehrliche Einschätzung Ihres Falls, kostenlos.","MPU-Vorbereitung in Hamburg: 100 % online, vom Verkehrstherapeuten.","Ehrlich, diskret, faire Festpreise. Seit 2016 über 5.000 Kunden begleitet.","Kostenloses Erstgespräch, ehrliche Einschätzung. Antwort meist in Stunden."
826-841-9884,MPU Alkohol – DE,Hannover – Alkohol,https://start.mpu-point.de/mpu-vorbereitung-hannover-alkohol.html,MPU Alkohol bestehen,MPU Alkohol meistern,MPU Hannover,MPU Vorbereitung Hannover,MPU Alkohol Hannover,MPU Vorbereitung online,Vom Verkehrstherapeuten,"98,8 % bestehen die MPU","Seit 2016, 5.000+ Kunden",Kostenlose Erstberatung,Faire Festpreise,Diskret & ohne Bewertung,MPU wegen Alkohol? Gezielte Vorbereitung auf die Fahreignung. Jetzt anfragen.,"MPU-Vorbereitung in Hannover: 100 % online, vom Verkehrstherapeuten.","Ehrlich, diskret, faire Festpreise. Seit 2016 über 5.000 Kunden begleitet.","Kostenloses Erstgespräch, ehrliche Einschätzung. Antwort meist in Stunden."
826-841-9884,MPU Drogen – DE,Hannover – Drogen,https://start.mpu-point.de/mpu-vorbereitung-hannover-drogen.html,MPU wegen Drogen bestehen,MPU Drogen Vorbereitung,MPU Hannover,MPU Vorbereitung Hannover,MPU Drogen Hannover,MPU Vorbereitung online,Vom Verkehrstherapeuten,"98,8 % bestehen die MPU","Seit 2016, 5.000+ Kunden",Kostenlose Erstberatung,Faire Festpreise,Diskret & ohne Bewertung,MPU wegen Drogen? Gezielte Vorbereitung auf die Fahreignung. Jetzt anfragen.,"MPU-Vorbereitung in Hannover: 100 % online, vom Verkehrstherapeuten.","Ehrlich, diskret, faire Festpreise. Seit 2016 über 5.000 Kunden begleitet.","Kostenloses Erstgespräch, ehrliche Einschätzung. Antwort meist in Stunden."
826-841-9884,MPU Punkte – DE,Hannover – Punkte,https://start.mpu-point.de/mpu-vorbereitung-hannover-punkte.html,8 Punkte in Flensburg?,Nur Fahrverhalten zählt,MPU Hannover,MPU Vorbereitung Hannover,MPU Punkte Hannover,MPU Vorbereitung online,Vom Verkehrstherapeuten,"98,8 % bestehen die MPU","Seit 2016, 5.000+ Kunden",Kostenlose Erstberatung,Faire Festpreise,Diskret & ohne Bewertung,"MPU wegen Punkten: es zählt nur Ihr Fahrverhalten, nicht Alkohol oder Drogen.","MPU-Vorbereitung in Hannover: 100 % online, vom Verkehrstherapeuten.","Ehrlich, diskret, faire Festpreise. Seit 2016 über 5.000 Kunden begleitet.","Kostenloses Erstgespräch, ehrliche Einschätzung. Antwort meist in Stunden."
826-841-9884,MPU Straftaten – DE,Hannover – Straftaten,https://start.mpu-point.de/mpu-vorbereitung-hannover-straftaten.html,MPU nach Straftat,Gezielt vorbereitet,MPU Hannover,MPU Vorbereitung Hannover,MPU Straftaten Hannover,MPU Vorbereitung online,Vom Verkehrstherapeuten,"98,8 % bestehen die MPU","Seit 2016, 5.000+ Kunden",Kostenlose Erstberatung,Faire Festpreise,Diskret & ohne Bewertung,MPU nach Straftat: gezielt auf die Fragestellung der Behörde vorbereitet.,"MPU-Vorbereitung in Hannover: 100 % online, vom Verkehrstherapeuten.","Ehrlich, diskret, faire Festpreise. Seit 2016 über 5.000 Kunden begleitet.","Kostenloses Erstgespräch, ehrliche Einschätzung. Antwort meist in Stunden."
826-841-9884,MPU Vorbereitung – DE,Hannover – Vorbereitung,https://start.mpu-point.de/mpu-vorbereitung-hannover.html,MPU sicher vorbereiten,Ehrlich & individuell,MPU Hannover,MPU Vorbereitung Hannover,MPU Vorbereitung online,Vom Verkehrstherapeuten,"98,8 % bestehen die MPU","Seit 2016, 5.000+ Kunden",Kostenlose Erstberatung,Faire Festpreise,Diskret & ohne Bewertung,"4,9★ bei Google","Auf Ihren Anlass zugeschnitten: Alkohol, Drogen, Punkte oder Straftat.","MPU-Vorbereitung in Hannover: 100 % online, vom Verkehrstherapeuten.","Ehrlich, diskret, faire Festpreise. Seit 2016 über 5.000 Kunden begleitet.","Kostenloses Erstgespräch, ehrliche Einschätzung. Antwort meist in Stunden."
826-841-9884,MPU Beratung – DE,Hannover – Beratung,https://start.mpu-point.de/mpu-beratung-hannover.html,Ehrliche MPU-Beratung,Kostenlos & unverbindlich,MPU Hannover,MPU Vorbereitung Hannover,MPU Beratung Hannover,MPU Vorbereitung online,Vom Verkehrstherapeuten,"98,8 % bestehen die MPU","Seit 2016, 5.000+ Kunden",Kostenlose Erstberatung,Faire Festpreise,Diskret & ohne Bewertung,"Erst zuhören, dann beraten – ehrliche Einschätzung Ihres Falls, kostenlos.","MPU-Vorbereitung in Hannover: 100 % online, vom Verkehrstherapeuten.","Ehrlich, diskret, faire Festpreise. Seit 2016 über 5.000 Kunden begleitet.","Kostenloses Erstgespräch, ehrliche Einschätzung. Antwort meist in Stunden."
826-841-9884,MPU Alkohol – DE,Köln – Alkohol,https://start.mpu-point.de/mpu-vorbereitung-koeln-alkohol.html,MPU Alkohol bestehen,MPU Alkohol meistern,MPU Köln,MPU Vorbereitung Köln,MPU Alkohol Köln,MPU Vorbereitung online,Vom Verkehrstherapeuten,"98,8 % bestehen die MPU","Seit 2016, 5.000+ Kunden",Kostenlose Erstberatung,Faire Festpreise,Diskret & ohne Bewertung,MPU wegen Alkohol? Gezielte Vorbereitung auf die Fahreignung. Jetzt anfragen.,"MPU-Vorbereitung in Köln: 100 % online, vom Verkehrstherapeuten.","Ehrlich, diskret, faire Festpreise. Seit 2016 über 5.000 Kunden begleitet.","Kostenloses Erstgespräch, ehrliche Einschätzung. Antwort meist in Stunden."
826-841-9884,MPU Drogen – DE,Köln – Drogen,https://start.mpu-point.de/mpu-vorbereitung-koeln-drogen.html,MPU wegen Drogen bestehen,MPU Drogen Vorbereitung,MPU Köln,MPU Vorbereitung Köln,MPU Drogen Köln,MPU Vorbereitung online,Vom Verkehrstherapeuten,"98,8 % bestehen die MPU","Seit 2016, 5.000+ Kunden",Kostenlose Erstberatung,Faire Festpreise,Diskret & ohne Bewertung,MPU wegen Drogen? Gezielte Vorbereitung auf die Fahreignung. Jetzt anfragen.,"MPU-Vorbereitung in Köln: 100 % online, vom Verkehrstherapeuten.","Ehrlich, diskret, faire Festpreise. Seit 2016 über 5.000 Kunden begleitet.","Kostenloses Erstgespräch, ehrliche Einschätzung. Antwort meist in Stunden."
826-841-9884,MPU Punkte – DE,Köln – Punkte,https://start.mpu-point.de/mpu-vorbereitung-koeln-punkte.html,8 Punkte in Flensburg?,Nur Fahrverhalten zählt,MPU Köln,MPU Vorbereitung Köln,MPU Punkte Köln,MPU Vorbereitung online,Vom Verkehrstherapeuten,"98,8 % bestehen die MPU","Seit 2016, 5.000+ Kunden",Kostenlose Erstberatung,Faire Festpreise,Diskret & ohne Bewertung,"MPU wegen Punkten: es zählt nur Ihr Fahrverhalten, nicht Alkohol oder Drogen.","MPU-Vorbereitung in Köln: 100 % online, vom Verkehrstherapeuten.","Ehrlich, diskret, faire Festpreise. Seit 2016 über 5.000 Kunden begleitet.","Kostenloses Erstgespräch, ehrliche Einschätzung. Antwort meist in Stunden."
826-841-9884,MPU Straftaten – DE,Köln – Straftaten,https://start.mpu-point.de/mpu-vorbereitung-koeln-straftaten.html,MPU nach Straftat,Gezielt vorbereitet,MPU Köln,MPU Vorbereitung Köln,MPU Straftaten Köln,MPU Vorbereitung online,Vom Verkehrstherapeuten,"98,8 % bestehen die MPU","Seit 2016, 5.000+ Kunden",Kostenlose Erstberatung,Faire Festpreise,Diskret & ohne Bewertung,MPU nach Straftat: gezielt auf die Fragestellung der Behörde vorbereitet.,"MPU-Vorbereitung in Köln: 100 % online, vom Verkehrstherapeuten.","Ehrlich, diskret, faire Festpreise. Seit 2016 über 5.000 Kunden begleitet.","Kostenloses Erstgespräch, ehrliche Einschätzung. Antwort meist in Stunden."
826-841-9884,MPU Vorbereitung – DE,Köln – Vorbereitung,https://start.mpu-point.de/mpu-vorbereitung-koeln.html,MPU sicher vorbereiten,Ehrlich & individuell,MPU Köln,MPU Vorbereitung Köln,MPU Vorbereitung online,Vom Verkehrstherapeuten,"98,8 % bestehen die MPU","Seit 2016, 5.000+ Kunden",Kostenlose Erstberatung,Faire Festpreise,Diskret & ohne Bewertung,"4,9★ bei Google","Auf Ihren Anlass zugeschnitten: Alkohol, Drogen, Punkte oder Straftat.","MPU-Vorbereitung in Köln: 100 % online, vom Verkehrstherapeuten.","Ehrlich, diskret, faire Festpreise. Seit 2016 über 5.000 Kunden begleitet.","Kostenloses Erstgespräch, ehrliche Einschätzung. Antwort meist in Stunden."
826-841-9884,MPU Beratung – DE,Köln – Beratung,https://start.mpu-point.de/mpu-beratung-koeln.html,Ehrliche MPU-Beratung,Kostenlos & unverbindlich,MPU Köln,MPU Vorbereitung Köln,MPU Beratung Köln,MPU Vorbereitung online,Vom Verkehrstherapeuten,"98,8 % bestehen die MPU","Seit 2016, 5.000+ Kunden",Kostenlose Erstberatung,Faire Festpreise,Diskret & ohne Bewertung,"Erst zuhören, dann beraten – ehrliche Einschätzung Ihres Falls, kostenlos.","MPU-Vorbereitung in Köln: 100 % online, vom Verkehrstherapeuten.","Ehrlich, diskret, faire Festpreise. Seit 2016 über 5.000 Kunden begleitet.","Kostenloses Erstgespräch, ehrliche Einschätzung. Antwort meist in Stunden."
826-841-9884,MPU Alkohol – DE,Leipzig – Alkohol,https://start.mpu-point.de/mpu-vorbereitung-leipzig-alkohol.html,MPU Alkohol bestehen,MPU Alkohol meistern,MPU Leipzig,MPU Vorbereitung Leipzig,MPU Alkohol Leipzig,MPU Vorbereitung online,Vom Verkehrstherapeuten,"98,8 % bestehen die MPU","Seit 2016, 5.000+ Kunden",Kostenlose Erstberatung,Faire Festpreise,Diskret & ohne Bewertung,MPU wegen Alkohol? Gezielte Vorbereitung auf die Fahreignung. Jetzt anfragen.,"MPU-Vorbereitung in Leipzig: 100 % online, vom Verkehrstherapeuten.","Ehrlich, diskret, faire Festpreise. Seit 2016 über 5.000 Kunden begleitet.","Kostenloses Erstgespräch, ehrliche Einschätzung. Antwort meist in Stunden."
826-841-9884,MPU Drogen – DE,Leipzig – Drogen,https://start.mpu-point.de/mpu-vorbereitung-leipzig-drogen.html,MPU wegen Drogen bestehen,MPU Drogen Vorbereitung,MPU Leipzig,MPU Vorbereitung Leipzig,MPU Drogen Leipzig,MPU Vorbereitung online,Vom Verkehrstherapeuten,"98,8 % bestehen die MPU","Seit 2016, 5.000+ Kunden",Kostenlose Erstberatung,Faire Festpreise,Diskret & ohne Bewertung,MPU wegen Drogen? Gezielte Vorbereitung auf die Fahreignung. Jetzt anfragen.,"MPU-Vorbereitung in Leipzig: 100 % online, vom Verkehrstherapeuten.","Ehrlich, diskret, faire Festpreise. Seit 2016 über 5.000 Kunden begleitet.","Kostenloses Erstgespräch, ehrliche Einschätzung. Antwort meist in Stunden."
826-841-9884,MPU Punkte – DE,Leipzig – Punkte,https://start.mpu-point.de/mpu-vorbereitung-leipzig-punkte.html,8 Punkte in Flensburg?,Nur Fahrverhalten zählt,MPU Leipzig,MPU Vorbereitung Leipzig,MPU Punkte Leipzig,MPU Vorbereitung online,Vom Verkehrstherapeuten,"98,8 % bestehen die MPU","Seit 2016, 5.000+ Kunden",Kostenlose Erstberatung,Faire Festpreise,Diskret & ohne Bewertung,"MPU wegen Punkten: es zählt nur Ihr Fahrverhalten, nicht Alkohol oder Drogen.","MPU-Vorbereitung in Leipzig: 100 % online, vom Verkehrstherapeuten.","Ehrlich, diskret, faire Festpreise. Seit 2016 über 5.000 Kunden begleitet.","Kostenloses Erstgespräch, ehrliche Einschätzung. Antwort meist in Stunden."
826-841-9884,MPU Straftaten – DE,Leipzig – Straftaten,https://start.mpu-point.de/mpu-vorbereitung-leipzig-straftaten.html,MPU nach Straftat,Gezielt vorbereitet,MPU Leipzig,MPU Vorbereitung Leipzig,MPU Straftaten Leipzig,MPU Vorbereitung online,Vom Verkehrstherapeuten,"98,8 % bestehen die MPU","Seit 2016, 5.000+ Kunden",Kostenlose Erstberatung,Faire Festpreise,Diskret & ohne Bewertung,MPU nach Straftat: gezielt auf die Fragestellung der Behörde vorbereitet.,"MPU-Vorbereitung in Leipzig: 100 % online, vom Verkehrstherapeuten.","Ehrlich, diskret, faire Festpreise. Seit 2016 über 5.000 Kunden begleitet.","Kostenloses Erstgespräch, ehrliche Einschätzung. Antwort meist in Stunden."
826-841-9884,MPU Vorbereitung – DE,Leipzig – Vorbereitung,https://start.mpu-point.de/mpu-vorbereitung-leipzig.html,MPU sicher vorbereiten,Ehrlich & individuell,MPU Leipzig,MPU Vorbereitung Leipzig,MPU Vorbereitung online,Vom Verkehrstherapeuten,"98,8 % bestehen die MPU","Seit 2016, 5.000+ Kunden",Kostenlose Erstberatung,Faire Festpreise,Diskret & ohne Bewertung,"4,9★ bei Google","Auf Ihren Anlass zugeschnitten: Alkohol, Drogen, Punkte oder Straftat.","MPU-Vorbereitung in Leipzig: 100 % online, vom Verkehrstherapeuten.","Ehrlich, diskret, faire Festpreise. Seit 2016 über 5.000 Kunden begleitet.","Kostenloses Erstgespräch, ehrliche Einschätzung. Antwort meist in Stunden."
826-841-9884,MPU Beratung – DE,Leipzig – Beratung,https://start.mpu-point.de/mpu-beratung-leipzig.html,Ehrliche MPU-Beratung,Kostenlos & unverbindlich,MPU Leipzig,MPU Vorbereitung Leipzig,MPU Beratung Leipzig,MPU Vorbereitung online,Vom Verkehrstherapeuten,"98,8 % bestehen die MPU","Seit 2016, 5.000+ Kunden",Kostenlose Erstberatung,Faire Festpreise,Diskret & ohne Bewertung,"Erst zuhören, dann beraten – ehrliche Einschätzung Ihres Falls, kostenlos.","MPU-Vorbereitung in Leipzig: 100 % online, vom Verkehrstherapeuten.","Ehrlich, diskret, faire Festpreise. Seit 2016 über 5.000 Kunden begleitet.","Kostenloses Erstgespräch, ehrliche Einschätzung. Antwort meist in Stunden."
826-841-9884,MPU Alkohol – DE,München – Alkohol,https://start.mpu-point.de/mpu-vorbereitung-muenchen-alkohol.html,MPU Alkohol bestehen,MPU Alkohol meistern,MPU München,MPU Vorbereitung München,MPU Alkohol München,MPU Vorbereitung online,Vom Verkehrstherapeuten,"98,8 % bestehen die MPU","Seit 2016, 5.000+ Kunden",Kostenlose Erstberatung,Faire Festpreise,Diskret & ohne Bewertung,MPU wegen Alkohol? Gezielte Vorbereitung auf die Fahreignung. Jetzt anfragen.,"MPU-Vorbereitung in München: 100 % online, vom Verkehrstherapeuten.","Ehrlich, diskret, faire Festpreise. Seit 2016 über 5.000 Kunden begleitet.","Kostenloses Erstgespräch, ehrliche Einschätzung. Antwort meist in Stunden."
826-841-9884,MPU Drogen – DE,München – Drogen,https://start.mpu-point.de/mpu-vorbereitung-muenchen-drogen.html,MPU wegen Drogen bestehen,MPU Drogen Vorbereitung,MPU München,MPU Vorbereitung München,MPU Drogen München,MPU Vorbereitung online,Vom Verkehrstherapeuten,"98,8 % bestehen die MPU","Seit 2016, 5.000+ Kunden",Kostenlose Erstberatung,Faire Festpreise,Diskret & ohne Bewertung,MPU wegen Drogen? Gezielte Vorbereitung auf die Fahreignung. Jetzt anfragen.,"MPU-Vorbereitung in München: 100 % online, vom Verkehrstherapeuten.","Ehrlich, diskret, faire Festpreise. Seit 2016 über 5.000 Kunden begleitet.","Kostenloses Erstgespräch, ehrliche Einschätzung. Antwort meist in Stunden."
826-841-9884,MPU Punkte – DE,München – Punkte,https://start.mpu-point.de/mpu-vorbereitung-muenchen-punkte.html,8 Punkte in Flensburg?,Nur Fahrverhalten zählt,MPU München,MPU Vorbereitung München,MPU Punkte München,MPU Vorbereitung online,Vom Verkehrstherapeuten,"98,8 % bestehen die MPU","Seit 2016, 5.000+ Kunden",Kostenlose Erstberatung,Faire Festpreise,Diskret & ohne Bewertung,"MPU wegen Punkten: es zählt nur Ihr Fahrverhalten, nicht Alkohol oder Drogen.","MPU-Vorbereitung in München: 100 % online, vom Verkehrstherapeuten.","Ehrlich, diskret, faire Festpreise. Seit 2016 über 5.000 Kunden begleitet.","Kostenloses Erstgespräch, ehrliche Einschätzung. Antwort meist in Stunden."
826-841-9884,MPU Straftaten – DE,München – Straftaten,https://start.mpu-point.de/mpu-vorbereitung-muenchen-straftaten.html,MPU nach Straftat,Gezielt vorbereitet,MPU München,MPU Vorbereitung München,MPU Straftaten München,MPU Vorbereitung online,Vom Verkehrstherapeuten,"98,8 % bestehen die MPU","Seit 2016, 5.000+ Kunden",Kostenlose Erstberatung,Faire Festpreise,Diskret & ohne Bewertung,MPU nach Straftat: gezielt auf die Fragestellung der Behörde vorbereitet.,"MPU-Vorbereitung in München: 100 % online, vom Verkehrstherapeuten.","Ehrlich, diskret, faire Festpreise. Seit 2016 über 5.000 Kunden begleitet.","Kostenloses Erstgespräch, ehrliche Einschätzung. Antwort meist in Stunden."
826-841-9884,MPU Vorbereitung – DE,München – Vorbereitung,https://start.mpu-point.de/mpu-vorbereitung-muenchen.html,MPU sicher vorbereiten,Ehrlich & individuell,MPU München,MPU Vorbereitung München,MPU Vorbereitung online,Vom Verkehrstherapeuten,"98,8 % bestehen die MPU","Seit 2016, 5.000+ Kunden",Kostenlose Erstberatung,Faire Festpreise,Diskret & ohne Bewertung,"4,9★ bei Google","Auf Ihren Anlass zugeschnitten: Alkohol, Drogen, Punkte oder Straftat.","MPU-Vorbereitung in München: 100 % online, vom Verkehrstherapeuten.","Ehrlich, diskret, faire Festpreise. Seit 2016 über 5.000 Kunden begleitet.","Kostenloses Erstgespräch, ehrliche Einschätzung. Antwort meist in Stunden."
826-841-9884,MPU Beratung – DE,München – Beratung,https://start.mpu-point.de/mpu-beratung-muenchen.html,Ehrliche MPU-Beratung,Kostenlos & unverbindlich,MPU München,MPU Vorbereitung München,MPU Beratung München,MPU Vorbereitung online,Vom Verkehrstherapeuten,"98,8 % bestehen die MPU","Seit 2016, 5.000+ Kunden",Kostenlose Erstberatung,Faire Festpreise,Diskret & ohne Bewertung,"Erst zuhören, dann beraten – ehrliche Einschätzung Ihres Falls, kostenlos.","MPU-Vorbereitung in München: 100 % online, vom Verkehrstherapeuten.","Ehrlich, diskret, faire Festpreise. Seit 2016 über 5.000 Kunden begleitet.","Kostenloses Erstgespräch, ehrliche Einschätzung. Antwort meist in Stunden."
826-841-9884,MPU Alkohol – DE,Stuttgart – Alkohol,https://start.mpu-point.de/mpu-vorbereitung-stuttgart-alkohol.html,MPU Alkohol bestehen,MPU Alkohol meistern,MPU Stuttgart,MPU Vorbereitung Stuttgart,MPU Alkohol Stuttgart,MPU Vorbereitung online,Vom Verkehrstherapeuten,"98,8 % bestehen die MPU","Seit 2016, 5.000+ Kunden",Kostenlose Erstberatung,Faire Festpreise,Diskret & ohne Bewertung,MPU wegen Alkohol? Gezielte Vorbereitung auf die Fahreignung. Jetzt anfragen.,"MPU-Vorbereitung in Stuttgart: 100 % online, vom Verkehrstherapeuten.","Ehrlich, diskret, faire Festpreise. Seit 2016 über 5.000 Kunden begleitet.","Kostenloses Erstgespräch, ehrliche Einschätzung. Antwort meist in Stunden."
826-841-9884,MPU Drogen – DE,Stuttgart – Drogen,https://start.mpu-point.de/mpu-vorbereitung-stuttgart-drogen.html,MPU wegen Drogen bestehen,MPU Drogen Vorbereitung,MPU Stuttgart,MPU Vorbereitung Stuttgart,MPU Drogen Stuttgart,MPU Vorbereitung online,Vom Verkehrstherapeuten,"98,8 % bestehen die MPU","Seit 2016, 5.000+ Kunden",Kostenlose Erstberatung,Faire Festpreise,Diskret & ohne Bewertung,MPU wegen Drogen? Gezielte Vorbereitung auf die Fahreignung. Jetzt anfragen.,"MPU-Vorbereitung in Stuttgart: 100 % online, vom Verkehrstherapeuten.","Ehrlich, diskret, faire Festpreise. Seit 2016 über 5.000 Kunden begleitet.","Kostenloses Erstgespräch, ehrliche Einschätzung. Antwort meist in Stunden."
826-841-9884,MPU Punkte – DE,Stuttgart – Punkte,https://start.mpu-point.de/mpu-vorbereitung-stuttgart-punkte.html,8 Punkte in Flensburg?,Nur Fahrverhalten zählt,MPU Stuttgart,MPU Vorbereitung Stuttgart,MPU Punkte Stuttgart,MPU Vorbereitung online,Vom Verkehrstherapeuten,"98,8 % bestehen die MPU","Seit 2016, 5.000+ Kunden",Kostenlose Erstberatung,Faire Festpreise,Diskret & ohne Bewertung,"MPU wegen Punkten: es zählt nur Ihr Fahrverhalten, nicht Alkohol oder Drogen.","MPU-Vorbereitung in Stuttgart: 100 % online, vom Verkehrstherapeuten.","Ehrlich, diskret, faire Festpreise. Seit 2016 über 5.000 Kunden begleitet.","Kostenloses Erstgespräch, ehrliche Einschätzung. Antwort meist in Stunden."
826-841-9884,MPU Straftaten – DE,Stuttgart – Straftaten,https://start.mpu-point.de/mpu-vorbereitung-stuttgart-straftaten.html,MPU nach Straftat,Gezielt vorbereitet,MPU Stuttgart,MPU Vorbereitung Stuttgart,MPU Straftaten Stuttgart,MPU Vorbereitung online,Vom Verkehrstherapeuten,"98,8 % bestehen die MPU","Seit 2016, 5.000+ Kunden",Kostenlose Erstberatung,Faire Festpreise,Diskret & ohne Bewertung,MPU nach Straftat: gezielt auf die Fragestellung der Behörde vorbereitet.,"MPU-Vorbereitung in Stuttgart: 100 % online, vom Verkehrstherapeuten.","Ehrlich, diskret, faire Festpreise. Seit 2016 über 5.000 Kunden begleitet.","Kostenloses Erstgespräch, ehrliche Einschätzung. Antwort meist in Stunden."
826-841-9884,MPU Vorbereitung – DE,Stuttgart – Vorbereitung,https://start.mpu-point.de/mpu-vorbereitung-stuttgart.html,MPU sicher vorbereiten,Ehrlich & individuell,MPU Stuttgart,MPU Vorbereitung Stuttgart,MPU Vorbereitung online,Vom Verkehrstherapeuten,"98,8 % bestehen die MPU","Seit 2016, 5.000+ Kunden",Kostenlose Erstberatung,Faire Festpreise,Diskret & ohne Bewertung,"4,9★ bei Google","Auf Ihren Anlass zugeschnitten: Alkohol, Drogen, Punkte oder Straftat.","MPU-Vorbereitung in Stuttgart: 100 % online, vom Verkehrstherapeuten.","Ehrlich, diskret, faire Festpreise. Seit 2016 über 5.000 Kunden begleitet.","Kostenloses Erstgespräch, ehrliche Einschätzung. Antwort meist in Stunden."
826-841-9884,MPU Beratung – DE,Stuttgart – Beratung,https://start.mpu-point.de/mpu-beratung-stuttgart.html,Ehrliche MPU-Beratung,Kostenlos & unverbindlich,MPU Stuttgart,MPU Vorbereitung Stuttgart,MPU Beratung Stuttgart,MPU Vorbereitung online,Vom Verkehrstherapeuten,"98,8 % bestehen die MPU","Seit 2016, 5.000+ Kunden",Kostenlose Erstberatung,Faire Festpreise,Diskret & ohne Bewertung,"Erst zuhören, dann beraten – ehrliche Einschätzung Ihres Falls, kostenlos.","MPU-Vorbereitung in Stuttgart: 100 % online, vom Verkehrstherapeuten.","Ehrlich, diskret, faire Festpreise. Seit 2016 über 5.000 Kunden begleitet.","Kostenloses Erstgespräch, ehrliche Einschätzung. Antwort meist in Stunden."
