Account,Campaign,Negative Keyword
826-841-9884,MPU Alkohol – DE,job
826-841-9884,MPU Alkohol – DE,jobs
826-841-9884,MPU Alkohol – DE,stelle
826-841-9884,MPU Alkohol – DE,stellenangebot
826-841-9884,MPU Alkohol – DE,ausbildung
826-841-9884,MPU Alkohol – DE,gehalt
826-841-9884,MPU Alkohol – DE,jurist
826-841-9884,MPU Alkohol – DE,anwalt kostenlos
826-841-9884,MPU Alkohol – DE,gebraucht
826-841-9884,MPU Alkohol – DE,wiki
826-841-9884,MPU Alkohol – DE,wikipedia
826-841-9884,MPU Alkohol – DE,bedeutung
826-841-9884,MPU Alkohol – DE,englisch
826-841-9884,MPU Alkohol – DE,kostenlos pdf
826-841-9884,MPU Alkohol – DE,entzug
826-841-9884,MPU Alkohol – DE,entgiftung
826-841-9884,MPU Alkohol – DE,suchtklinik
826-841-9884,MPU Alkohol – DE,entwöhnung
826-841-9884,MPU Alkohol – DE,suchttherapie
826-841-9884,MPU Alkohol – DE,selbsthilfegruppe
826-841-9884,MPU Alkohol – DE,fahrschule
826-841-9884,MPU Alkohol – DE,tüv nord
826-841-9884,MPU Alkohol – DE,dekra
826-841-9884,MPU Drogen – DE,job
826-841-9884,MPU Drogen – DE,jobs
826-841-9884,MPU Drogen – DE,stelle
826-841-9884,MPU Drogen – DE,stellenangebot
826-841-9884,MPU Drogen – DE,ausbildung
826-841-9884,MPU Drogen – DE,gehalt
826-841-9884,MPU Drogen – DE,jurist
826-841-9884,MPU Drogen – DE,anwalt kostenlos
826-841-9884,MPU Drogen – DE,gebraucht
826-841-9884,MPU Drogen – DE,wiki
826-841-9884,MPU Drogen – DE,wikipedia
826-841-9884,MPU Drogen – DE,bedeutung
826-841-9884,MPU Drogen – DE,englisch
826-841-9884,MPU Drogen – DE,kostenlos pdf
826-841-9884,MPU Drogen – DE,entzug
826-841-9884,MPU Drogen – DE,entgiftung
826-841-9884,MPU Drogen – DE,suchtklinik
826-841-9884,MPU Drogen – DE,entwöhnung
826-841-9884,MPU Drogen – DE,suchttherapie
826-841-9884,MPU Drogen – DE,selbsthilfegruppe
826-841-9884,MPU Drogen – DE,fahrschule
826-841-9884,MPU Drogen – DE,tüv nord
826-841-9884,MPU Drogen – DE,dekra
826-841-9884,MPU Punkte – DE,job
826-841-9884,MPU Punkte – DE,jobs
826-841-9884,MPU Punkte – DE,stelle
826-841-9884,MPU Punkte – DE,stellenangebot
826-841-9884,MPU Punkte – DE,ausbildung
826-841-9884,MPU Punkte – DE,gehalt
826-841-9884,MPU Punkte – DE,jurist
826-841-9884,MPU Punkte – DE,anwalt kostenlos
826-841-9884,MPU Punkte – DE,gebraucht
826-841-9884,MPU Punkte – DE,wiki
826-841-9884,MPU Punkte – DE,wikipedia
826-841-9884,MPU Punkte – DE,bedeutung
826-841-9884,MPU Punkte – DE,englisch
826-841-9884,MPU Punkte – DE,kostenlos pdf
826-841-9884,MPU Punkte – DE,entzug
826-841-9884,MPU Punkte – DE,entgiftung
826-841-9884,MPU Punkte – DE,suchtklinik
826-841-9884,MPU Punkte – DE,entwöhnung
826-841-9884,MPU Punkte – DE,suchttherapie
826-841-9884,MPU Punkte – DE,selbsthilfegruppe
826-841-9884,MPU Punkte – DE,fahrschule
826-841-9884,MPU Punkte – DE,tüv nord
826-841-9884,MPU Punkte – DE,dekra
826-841-9884,MPU Straftaten – DE,job
826-841-9884,MPU Straftaten – DE,jobs
826-841-9884,MPU Straftaten – DE,stelle
826-841-9884,MPU Straftaten – DE,stellenangebot
826-841-9884,MPU Straftaten – DE,ausbildung
826-841-9884,MPU Straftaten – DE,gehalt
826-841-9884,MPU Straftaten – DE,jurist
826-841-9884,MPU Straftaten – DE,anwalt kostenlos
826-841-9884,MPU Straftaten – DE,gebraucht
826-841-9884,MPU Straftaten – DE,wiki
826-841-9884,MPU Straftaten – DE,wikipedia
826-841-9884,MPU Straftaten – DE,bedeutung
826-841-9884,MPU Straftaten – DE,englisch
826-841-9884,MPU Straftaten – DE,kostenlos pdf
826-841-9884,MPU Straftaten – DE,entzug
826-841-9884,MPU Straftaten – DE,entgiftung
826-841-9884,MPU Straftaten – DE,suchtklinik
826-841-9884,MPU Straftaten – DE,entwöhnung
826-841-9884,MPU Straftaten – DE,suchttherapie
826-841-9884,MPU Straftaten – DE,selbsthilfegruppe
826-841-9884,MPU Straftaten – DE,fahrschule
826-841-9884,MPU Straftaten – DE,tüv nord
826-841-9884,MPU Straftaten – DE,dekra
826-841-9884,MPU Vorbereitung – DE,job
826-841-9884,MPU Vorbereitung – DE,jobs
826-841-9884,MPU Vorbereitung – DE,stelle
826-841-9884,MPU Vorbereitung – DE,stellenangebot
826-841-9884,MPU Vorbereitung – DE,ausbildung
826-841-9884,MPU Vorbereitung – DE,gehalt
826-841-9884,MPU Vorbereitung – DE,jurist
826-841-9884,MPU Vorbereitung – DE,anwalt kostenlos
826-841-9884,MPU Vorbereitung – DE,gebraucht
826-841-9884,MPU Vorbereitung – DE,wiki
826-841-9884,MPU Vorbereitung – DE,wikipedia
826-841-9884,MPU Vorbereitung – DE,bedeutung
826-841-9884,MPU Vorbereitung – DE,englisch
826-841-9884,MPU Vorbereitung – DE,kostenlos pdf
826-841-9884,MPU Vorbereitung – DE,entzug
826-841-9884,MPU Vorbereitung – DE,entgiftung
826-841-9884,MPU Vorbereitung – DE,suchtklinik
826-841-9884,MPU Vorbereitung – DE,entwöhnung
826-841-9884,MPU Vorbereitung – DE,suchttherapie
826-841-9884,MPU Vorbereitung – DE,selbsthilfegruppe
826-841-9884,MPU Vorbereitung – DE,fahrschule
826-841-9884,MPU Vorbereitung – DE,tüv nord
826-841-9884,MPU Vorbereitung – DE,dekra
826-841-9884,MPU Beratung – DE,job
826-841-9884,MPU Beratung – DE,jobs
826-841-9884,MPU Beratung – DE,stelle
826-841-9884,MPU Beratung – DE,stellenangebot
826-841-9884,MPU Beratung – DE,ausbildung
826-841-9884,MPU Beratung – DE,gehalt
826-841-9884,MPU Beratung – DE,jurist
826-841-9884,MPU Beratung – DE,anwalt kostenlos
826-841-9884,MPU Beratung – DE,gebraucht
826-841-9884,MPU Beratung – DE,wiki
826-841-9884,MPU Beratung – DE,wikipedia
826-841-9884,MPU Beratung – DE,bedeutung
826-841-9884,MPU Beratung – DE,englisch
826-841-9884,MPU Beratung – DE,kostenlos pdf
826-841-9884,MPU Beratung – DE,entzug
826-841-9884,MPU Beratung – DE,entgiftung
826-841-9884,MPU Beratung – DE,suchtklinik
826-841-9884,MPU Beratung – DE,entwöhnung
826-841-9884,MPU Beratung – DE,suchttherapie
826-841-9884,MPU Beratung – DE,selbsthilfegruppe
826-841-9884,MPU Beratung – DE,fahrschule
826-841-9884,MPU Beratung – DE,tüv nord
826-841-9884,MPU Beratung – DE,dekra
826-841-9884,MPU Alkohol – DE,tüv
826-841-9884,MPU Alkohol – DE,tuev
826-841-9884,MPU Alkohol – DE,tüv süd
826-841-9884,MPU Alkohol – DE,tüv rheinland
826-841-9884,MPU Alkohol – DE,tüv hessen
826-841-9884,MPU Alkohol – DE,tüv thüringen
826-841-9884,MPU Alkohol – DE,tüv saarland
826-841-9884,MPU Alkohol – DE,pima
826-841-9884,MPU Alkohol – DE,pima mpu
826-841-9884,MPU Alkohol – DE,gtü
826-841-9884,MPU Alkohol – DE,gtue
826-841-9884,MPU Alkohol – DE,küs
826-841-9884,MPU Alkohol – DE,kües
826-841-9884,MPU Alkohol – DE,avus
826-841-9884,MPU Alkohol – DE,ias
826-841-9884,MPU Alkohol – DE,ibbk
826-841-9884,MPU Alkohol – DE,abv
826-841-9884,MPU Alkohol – DE,begutachtungsstelle
826-841-9884,MPU Alkohol – DE,begutachtungsstellen
826-841-9884,MPU Alkohol – DE,fahreignungsbegutachtung
826-841-9884,MPU Alkohol – DE,führerscheinstelle
826-841-9884,MPU Alkohol – DE,fuehrerscheinstelle
826-841-9884,MPU Alkohol – DE,fahrerlaubnisbehörde
826-841-9884,MPU Alkohol – DE,fahrerlaubnisbehoerde
826-841-9884,MPU Alkohol – DE,bürgeramt
826-841-9884,MPU Alkohol – DE,strassenverkehrsamt
826-841-9884,MPU Alkohol – DE,straßenverkehrsamt
826-841-9884,MPU Alkohol – DE,kfz zulassung
826-841-9884,MPU Beratung – DE,tüv
826-841-9884,MPU Beratung – DE,tuev
826-841-9884,MPU Beratung – DE,tüv süd
826-841-9884,MPU Beratung – DE,tüv rheinland
826-841-9884,MPU Beratung – DE,tüv hessen
826-841-9884,MPU Beratung – DE,tüv thüringen
826-841-9884,MPU Beratung – DE,tüv saarland
826-841-9884,MPU Beratung – DE,pima
826-841-9884,MPU Beratung – DE,pima mpu
826-841-9884,MPU Beratung – DE,gtü
826-841-9884,MPU Beratung – DE,gtue
826-841-9884,MPU Beratung – DE,küs
826-841-9884,MPU Beratung – DE,kües
826-841-9884,MPU Beratung – DE,avus
826-841-9884,MPU Beratung – DE,ias
826-841-9884,MPU Beratung – DE,ibbk
826-841-9884,MPU Beratung – DE,abv
826-841-9884,MPU Beratung – DE,begutachtungsstelle
826-841-9884,MPU Beratung – DE,begutachtungsstellen
826-841-9884,MPU Beratung – DE,fahreignungsbegutachtung
826-841-9884,MPU Beratung – DE,führerscheinstelle
826-841-9884,MPU Beratung – DE,fuehrerscheinstelle
826-841-9884,MPU Beratung – DE,fahrerlaubnisbehörde
826-841-9884,MPU Beratung – DE,fahrerlaubnisbehoerde
826-841-9884,MPU Beratung – DE,bürgeramt
826-841-9884,MPU Beratung – DE,strassenverkehrsamt
826-841-9884,MPU Beratung – DE,straßenverkehrsamt
826-841-9884,MPU Beratung – DE,kfz zulassung
826-841-9884,MPU Drogen – DE,tüv
826-841-9884,MPU Drogen – DE,tuev
826-841-9884,MPU Drogen – DE,tüv süd
826-841-9884,MPU Drogen – DE,tüv rheinland
826-841-9884,MPU Drogen – DE,tüv hessen
826-841-9884,MPU Drogen – DE,tüv thüringen
826-841-9884,MPU Drogen – DE,tüv saarland
826-841-9884,MPU Drogen – DE,pima
826-841-9884,MPU Drogen – DE,pima mpu
826-841-9884,MPU Drogen – DE,gtü
826-841-9884,MPU Drogen – DE,gtue
826-841-9884,MPU Drogen – DE,küs
826-841-9884,MPU Drogen – DE,kües
826-841-9884,MPU Drogen – DE,avus
826-841-9884,MPU Drogen – DE,ias
826-841-9884,MPU Drogen – DE,ibbk
826-841-9884,MPU Drogen – DE,abv
826-841-9884,MPU Drogen – DE,begutachtungsstelle
826-841-9884,MPU Drogen – DE,begutachtungsstellen
826-841-9884,MPU Drogen – DE,fahreignungsbegutachtung
826-841-9884,MPU Drogen – DE,führerscheinstelle
826-841-9884,MPU Drogen – DE,fuehrerscheinstelle
826-841-9884,MPU Drogen – DE,fahrerlaubnisbehörde
826-841-9884,MPU Drogen – DE,fahrerlaubnisbehoerde
826-841-9884,MPU Drogen – DE,bürgeramt
826-841-9884,MPU Drogen – DE,strassenverkehrsamt
826-841-9884,MPU Drogen – DE,straßenverkehrsamt
826-841-9884,MPU Drogen – DE,kfz zulassung
826-841-9884,MPU Punkte – DE,tüv
826-841-9884,MPU Punkte – DE,tuev
826-841-9884,MPU Punkte – DE,tüv süd
826-841-9884,MPU Punkte – DE,tüv rheinland
826-841-9884,MPU Punkte – DE,tüv hessen
826-841-9884,MPU Punkte – DE,tüv thüringen
826-841-9884,MPU Punkte – DE,tüv saarland
826-841-9884,MPU Punkte – DE,pima
826-841-9884,MPU Punkte – DE,pima mpu
826-841-9884,MPU Punkte – DE,gtü
826-841-9884,MPU Punkte – DE,gtue
826-841-9884,MPU Punkte – DE,küs
826-841-9884,MPU Punkte – DE,kües
826-841-9884,MPU Punkte – DE,avus
826-841-9884,MPU Punkte – DE,ias
826-841-9884,MPU Punkte – DE,ibbk
826-841-9884,MPU Punkte – DE,abv
826-841-9884,MPU Punkte – DE,begutachtungsstelle
826-841-9884,MPU Punkte – DE,begutachtungsstellen
826-841-9884,MPU Punkte – DE,fahreignungsbegutachtung
826-841-9884,MPU Punkte – DE,führerscheinstelle
826-841-9884,MPU Punkte – DE,fuehrerscheinstelle
826-841-9884,MPU Punkte – DE,fahrerlaubnisbehörde
826-841-9884,MPU Punkte – DE,fahrerlaubnisbehoerde
826-841-9884,MPU Punkte – DE,bürgeramt
826-841-9884,MPU Punkte – DE,strassenverkehrsamt
826-841-9884,MPU Punkte – DE,straßenverkehrsamt
826-841-9884,MPU Punkte – DE,kfz zulassung
826-841-9884,MPU Straftaten – DE,tüv
826-841-9884,MPU Straftaten – DE,tuev
826-841-9884,MPU Straftaten – DE,tüv süd
826-841-9884,MPU Straftaten – DE,tüv rheinland
826-841-9884,MPU Straftaten – DE,tüv hessen
826-841-9884,MPU Straftaten – DE,tüv thüringen
826-841-9884,MPU Straftaten – DE,tüv saarland
826-841-9884,MPU Straftaten – DE,pima
826-841-9884,MPU Straftaten – DE,pima mpu
826-841-9884,MPU Straftaten – DE,gtü
826-841-9884,MPU Straftaten – DE,gtue
826-841-9884,MPU Straftaten – DE,küs
826-841-9884,MPU Straftaten – DE,kües
826-841-9884,MPU Straftaten – DE,avus
826-841-9884,MPU Straftaten – DE,ias
826-841-9884,MPU Straftaten – DE,ibbk
826-841-9884,MPU Straftaten – DE,abv
826-841-9884,MPU Straftaten – DE,begutachtungsstelle
826-841-9884,MPU Straftaten – DE,begutachtungsstellen
826-841-9884,MPU Straftaten – DE,fahreignungsbegutachtung
826-841-9884,MPU Straftaten – DE,führerscheinstelle
826-841-9884,MPU Straftaten – DE,fuehrerscheinstelle
826-841-9884,MPU Straftaten – DE,fahrerlaubnisbehörde
826-841-9884,MPU Straftaten – DE,fahrerlaubnisbehoerde
826-841-9884,MPU Straftaten – DE,bürgeramt
826-841-9884,MPU Straftaten – DE,strassenverkehrsamt
826-841-9884,MPU Straftaten – DE,straßenverkehrsamt
826-841-9884,MPU Straftaten – DE,kfz zulassung
826-841-9884,MPU Vorbereitung – DE,tüv
826-841-9884,MPU Vorbereitung – DE,tuev
826-841-9884,MPU Vorbereitung – DE,tüv süd
826-841-9884,MPU Vorbereitung – DE,tüv rheinland
826-841-9884,MPU Vorbereitung – DE,tüv hessen
826-841-9884,MPU Vorbereitung – DE,tüv thüringen
826-841-9884,MPU Vorbereitung – DE,tüv saarland
826-841-9884,MPU Vorbereitung – DE,pima
826-841-9884,MPU Vorbereitung – DE,pima mpu
826-841-9884,MPU Vorbereitung – DE,gtü
826-841-9884,MPU Vorbereitung – DE,gtue
826-841-9884,MPU Vorbereitung – DE,küs
826-841-9884,MPU Vorbereitung – DE,kües
826-841-9884,MPU Vorbereitung – DE,avus
826-841-9884,MPU Vorbereitung – DE,ias
826-841-9884,MPU Vorbereitung – DE,ibbk
826-841-9884,MPU Vorbereitung – DE,abv
826-841-9884,MPU Vorbereitung – DE,begutachtungsstelle
826-841-9884,MPU Vorbereitung – DE,begutachtungsstellen
826-841-9884,MPU Vorbereitung – DE,fahreignungsbegutachtung
826-841-9884,MPU Vorbereitung – DE,führerscheinstelle
826-841-9884,MPU Vorbereitung – DE,fuehrerscheinstelle
826-841-9884,MPU Vorbereitung – DE,fahrerlaubnisbehörde
826-841-9884,MPU Vorbereitung – DE,fahrerlaubnisbehoerde
826-841-9884,MPU Vorbereitung – DE,bürgeramt
826-841-9884,MPU Vorbereitung – DE,strassenverkehrsamt
826-841-9884,MPU Vorbereitung – DE,straßenverkehrsamt
826-841-9884,MPU Vorbereitung – DE,kfz zulassung
