Account,Campaign,Ad Group,Final URL,Headline 1,Headline 2,Headline 3,Headline 4,Headline 5,Headline 6,Headline 7,Headline 8,Headline 9,Headline 10,Headline 11,Headline 12,Description 1,Description 2,Description 3,Description 4,Headline 13
826-841-9884,MPU Alkohol – Top10 Städte,Berlin – Alkohol,https://start.mpu-point.de/mpu-vorbereitung-berlin-alkohol.html,Oft ohne 12 Mon. Abstinenz,MPU Alkohol meistern,MPU Berlin,MPU Vorbereitung Berlin,MPU Alkohol Berlin,MPU Vorbereitung online,Vom Verkehrstherapeuten,"98,8 % bestehen die MPU","Seit 2016, 5.000+ Kunden",Kostenlose Erstberatung,1.650 € Festpreis,Diskret & ohne Bewertung,Alkohol-MPU oft ohne lange Abstinenz – kontrolliertes Trinken möglich.,"MPU-Vorbereitung in Berlin: 100 % online, vom Verkehrstherapeuten.","Ehrlich, diskret, 1.650 € Festpreis. Seit 2016 über 5.000 Kunden begleitet.","Kostenloses Erstgespräch, ehrliche Einschätzung. Antwort meist in Stunden.",Einzelsitzungen für 1.650 €
826-841-9884,MPU Drogen – Top10 Städte,Berlin – Drogen,https://start.mpu-point.de/mpu-vorbereitung-berlin-drogen.html,Cannabis: oft keine MPU,MPU Drogen/Cannabis,MPU Berlin,MPU Vorbereitung Berlin,MPU Drogen Berlin,MPU Vorbereitung online,Vom Verkehrstherapeuten,"98,8 % bestehen die MPU","Seit 2016, 5.000+ Kunden",Kostenlose Erstberatung,1.650 € Festpreis,Diskret & ohne Bewertung,Nach Cannabis-Legalisierung oft keine MPU mehr nötig – wir prüfen es.,"MPU-Vorbereitung in Berlin: 100 % online, vom Verkehrstherapeuten.","Ehrlich, diskret, 1.650 € Festpreis. Seit 2016 über 5.000 Kunden begleitet.","Kostenloses Erstgespräch, ehrliche Einschätzung. Antwort meist in Stunden.",Einzelsitzungen für 1.650 €
826-841-9884,MPU Punkte – Top10 Städte,Berlin – Punkte,https://start.mpu-point.de/mpu-vorbereitung-berlin-punkte.html,8 Punkte in Flensburg?,Kein Abstinenznachweis,MPU Berlin,MPU Vorbereitung Berlin,MPU Punkte Berlin,MPU Vorbereitung online,Vom Verkehrstherapeuten,"98,8 % bestehen die MPU","Seit 2016, 5.000+ Kunden",Kostenlose Erstberatung,1.650 € Festpreis,Diskret & ohne Bewertung,"MPU wegen Punkten: kein Abstinenznachweis, es zählt Ihr Fahrverhalten.","MPU-Vorbereitung in Berlin: 100 % online, vom Verkehrstherapeuten.","Ehrlich, diskret, 1.650 € Festpreis. Seit 2016 über 5.000 Kunden begleitet.","Kostenloses Erstgespräch, ehrliche Einschätzung. Antwort meist in Stunden.",Einzelsitzungen für 1.650 €
826-841-9884,MPU Straftaten – Top10 Städte,Berlin – Straftaten,https://start.mpu-point.de/mpu-vorbereitung-berlin-straftaten.html,MPU nach Straftat,Gezielt vorbereitet,MPU Berlin,MPU Vorbereitung Berlin,MPU Straftaten Berlin,MPU Vorbereitung online,Vom Verkehrstherapeuten,"98,8 % bestehen die MPU","Seit 2016, 5.000+ Kunden",Kostenlose Erstberatung,1.650 € Festpreis,Diskret & ohne Bewertung,MPU nach Straftat: gezielt auf die Fragestellung der Behörde vorbereitet.,"MPU-Vorbereitung in Berlin: 100 % online, vom Verkehrstherapeuten.","Ehrlich, diskret, 1.650 € Festpreis. Seit 2016 über 5.000 Kunden begleitet.","Kostenloses Erstgespräch, ehrliche Einschätzung. Antwort meist in Stunden.",Einzelsitzungen für 1.650 €
826-841-9884,MPU Alkohol – Top10 Städte,Dortmund – Alkohol,https://start.mpu-point.de/mpu-vorbereitung-dortmund-alkohol.html,Oft ohne 12 Mon. Abstinenz,MPU Alkohol meistern,MPU Dortmund,MPU Vorbereitung Dortmund,MPU Alkohol Dortmund,MPU Vorbereitung online,Vom Verkehrstherapeuten,"98,8 % bestehen die MPU","Seit 2016, 5.000+ Kunden",Kostenlose Erstberatung,1.650 € Festpreis,Diskret & ohne Bewertung,Alkohol-MPU oft ohne lange Abstinenz – kontrolliertes Trinken möglich.,"MPU-Vorbereitung in Dortmund: 100 % online, vom Verkehrstherapeuten.","Ehrlich, diskret, 1.650 € Festpreis. Seit 2016 über 5.000 Kunden begleitet.","Kostenloses Erstgespräch, ehrliche Einschätzung. Antwort meist in Stunden.",Einzelsitzungen für 1.650 €
826-841-9884,MPU Drogen – Top10 Städte,Dortmund – Drogen,https://start.mpu-point.de/mpu-vorbereitung-dortmund-drogen.html,Cannabis: oft keine MPU,MPU Drogen/Cannabis,MPU Dortmund,MPU Vorbereitung Dortmund,MPU Drogen Dortmund,MPU Vorbereitung online,Vom Verkehrstherapeuten,"98,8 % bestehen die MPU","Seit 2016, 5.000+ Kunden",Kostenlose Erstberatung,1.650 € Festpreis,Diskret & ohne Bewertung,Nach Cannabis-Legalisierung oft keine MPU mehr nötig – wir prüfen es.,"MPU-Vorbereitung in Dortmund: 100 % online, vom Verkehrstherapeuten.","Ehrlich, diskret, 1.650 € Festpreis. Seit 2016 über 5.000 Kunden begleitet.","Kostenloses Erstgespräch, ehrliche Einschätzung. Antwort meist in Stunden.",Einzelsitzungen für 1.650 €
826-841-9884,MPU Punkte – Top10 Städte,Dortmund – Punkte,https://start.mpu-point.de/mpu-vorbereitung-dortmund-punkte.html,8 Punkte in Flensburg?,Kein Abstinenznachweis,MPU Dortmund,MPU Vorbereitung Dortmund,MPU Punkte Dortmund,MPU Vorbereitung online,Vom Verkehrstherapeuten,"98,8 % bestehen die MPU","Seit 2016, 5.000+ Kunden",Kostenlose Erstberatung,1.650 € Festpreis,Diskret & ohne Bewertung,"MPU wegen Punkten: kein Abstinenznachweis, es zählt Ihr Fahrverhalten.","MPU-Vorbereitung in Dortmund: 100 % online, vom Verkehrstherapeuten.","Ehrlich, diskret, 1.650 € Festpreis. Seit 2016 über 5.000 Kunden begleitet.","Kostenloses Erstgespräch, ehrliche Einschätzung. Antwort meist in Stunden.",Einzelsitzungen für 1.650 €
826-841-9884,MPU Straftaten – Top10 Städte,Dortmund – Straftaten,https://start.mpu-point.de/mpu-vorbereitung-dortmund-straftaten.html,MPU nach Straftat,Gezielt vorbereitet,MPU Dortmund,MPU Vorbereitung Dortmund,MPU Straftaten Dortmund,MPU Vorbereitung online,Vom Verkehrstherapeuten,"98,8 % bestehen die MPU","Seit 2016, 5.000+ Kunden",Kostenlose Erstberatung,1.650 € Festpreis,Diskret & ohne Bewertung,MPU nach Straftat: gezielt auf die Fragestellung der Behörde vorbereitet.,"MPU-Vorbereitung in Dortmund: 100 % online, vom Verkehrstherapeuten.","Ehrlich, diskret, 1.650 € Festpreis. Seit 2016 über 5.000 Kunden begleitet.","Kostenloses Erstgespräch, ehrliche Einschätzung. Antwort meist in Stunden.",Einzelsitzungen für 1.650 €
826-841-9884,MPU Alkohol – Top10 Städte,Düsseldorf – Alkohol,https://start.mpu-point.de/mpu-vorbereitung-duesseldorf-alkohol.html,Oft ohne 12 Mon. Abstinenz,MPU Alkohol meistern,MPU Düsseldorf,MPU Vorbereitung Düsseldorf,MPU Alkohol Düsseldorf,MPU Vorbereitung online,Vom Verkehrstherapeuten,"98,8 % bestehen die MPU","Seit 2016, 5.000+ Kunden",Kostenlose Erstberatung,1.650 € Festpreis,Diskret & ohne Bewertung,Alkohol-MPU oft ohne lange Abstinenz – kontrolliertes Trinken möglich.,"MPU-Vorbereitung in Düsseldorf: 100 % online, vom Verkehrstherapeuten.","Ehrlich, diskret, 1.650 € Festpreis. Seit 2016 über 5.000 Kunden begleitet.","Kostenloses Erstgespräch, ehrliche Einschätzung. Antwort meist in Stunden.",Einzelsitzungen für 1.650 €
826-841-9884,MPU Drogen – Top10 Städte,Düsseldorf – Drogen,https://start.mpu-point.de/mpu-vorbereitung-duesseldorf-drogen.html,Cannabis: oft keine MPU,MPU Drogen/Cannabis,MPU Düsseldorf,MPU Vorbereitung Düsseldorf,MPU Drogen Düsseldorf,MPU Vorbereitung online,Vom Verkehrstherapeuten,"98,8 % bestehen die MPU","Seit 2016, 5.000+ Kunden",Kostenlose Erstberatung,1.650 € Festpreis,Diskret & ohne Bewertung,Nach Cannabis-Legalisierung oft keine MPU mehr nötig – wir prüfen es.,"MPU-Vorbereitung in Düsseldorf: 100 % online, vom Verkehrstherapeuten.","Ehrlich, diskret, 1.650 € Festpreis. Seit 2016 über 5.000 Kunden begleitet.","Kostenloses Erstgespräch, ehrliche Einschätzung. Antwort meist in Stunden.",Einzelsitzungen für 1.650 €
826-841-9884,MPU Punkte – Top10 Städte,Düsseldorf – Punkte,https://start.mpu-point.de/mpu-vorbereitung-duesseldorf-punkte.html,8 Punkte in Flensburg?,Kein Abstinenznachweis,MPU Düsseldorf,MPU Vorbereitung Düsseldorf,MPU Punkte Düsseldorf,MPU Vorbereitung online,Vom Verkehrstherapeuten,"98,8 % bestehen die MPU","Seit 2016, 5.000+ Kunden",Kostenlose Erstberatung,1.650 € Festpreis,Diskret & ohne Bewertung,"MPU wegen Punkten: kein Abstinenznachweis, es zählt Ihr Fahrverhalten.","MPU-Vorbereitung in Düsseldorf: 100 % online, vom Verkehrstherapeuten.","Ehrlich, diskret, 1.650 € Festpreis. Seit 2016 über 5.000 Kunden begleitet.","Kostenloses Erstgespräch, ehrliche Einschätzung. Antwort meist in Stunden.",Einzelsitzungen für 1.650 €
826-841-9884,MPU Straftaten – Top10 Städte,Düsseldorf – Straftaten,https://start.mpu-point.de/mpu-vorbereitung-duesseldorf-straftaten.html,MPU nach Straftat,Gezielt vorbereitet,MPU Düsseldorf,MPU Vorbereitung Düsseldorf,MPU Straftaten Düsseldorf,MPU Vorbereitung online,Vom Verkehrstherapeuten,"98,8 % bestehen die MPU","Seit 2016, 5.000+ Kunden",Kostenlose Erstberatung,1.650 € Festpreis,Diskret & ohne Bewertung,MPU nach Straftat: gezielt auf die Fragestellung der Behörde vorbereitet.,"MPU-Vorbereitung in Düsseldorf: 100 % online, vom Verkehrstherapeuten.","Ehrlich, diskret, 1.650 € Festpreis. Seit 2016 über 5.000 Kunden begleitet.","Kostenloses Erstgespräch, ehrliche Einschätzung. Antwort meist in Stunden.",Einzelsitzungen für 1.650 €
826-841-9884,MPU Alkohol – Top10 Städte,Essen – Alkohol,https://start.mpu-point.de/mpu-vorbereitung-essen-alkohol.html,Oft ohne 12 Mon. Abstinenz,MPU Alkohol meistern,MPU Essen,MPU Vorbereitung Essen,MPU Alkohol Essen,MPU Vorbereitung online,Vom Verkehrstherapeuten,"98,8 % bestehen die MPU","Seit 2016, 5.000+ Kunden",Kostenlose Erstberatung,1.650 € Festpreis,Diskret & ohne Bewertung,Alkohol-MPU oft ohne lange Abstinenz – kontrolliertes Trinken möglich.,"MPU-Vorbereitung in Essen: 100 % online, vom Verkehrstherapeuten.","Ehrlich, diskret, 1.650 € Festpreis. Seit 2016 über 5.000 Kunden begleitet.","Kostenloses Erstgespräch, ehrliche Einschätzung. Antwort meist in Stunden.",Einzelsitzungen für 1.650 €
826-841-9884,MPU Drogen – Top10 Städte,Essen – Drogen,https://start.mpu-point.de/mpu-vorbereitung-essen-drogen.html,Cannabis: oft keine MPU,MPU Drogen/Cannabis,MPU Essen,MPU Vorbereitung Essen,MPU Drogen Essen,MPU Vorbereitung online,Vom Verkehrstherapeuten,"98,8 % bestehen die MPU","Seit 2016, 5.000+ Kunden",Kostenlose Erstberatung,1.650 € Festpreis,Diskret & ohne Bewertung,Nach Cannabis-Legalisierung oft keine MPU mehr nötig – wir prüfen es.,"MPU-Vorbereitung in Essen: 100 % online, vom Verkehrstherapeuten.","Ehrlich, diskret, 1.650 € Festpreis. Seit 2016 über 5.000 Kunden begleitet.","Kostenloses Erstgespräch, ehrliche Einschätzung. Antwort meist in Stunden.",Einzelsitzungen für 1.650 €
826-841-9884,MPU Punkte – Top10 Städte,Essen – Punkte,https://start.mpu-point.de/mpu-vorbereitung-essen-punkte.html,8 Punkte in Flensburg?,Kein Abstinenznachweis,MPU Essen,MPU Vorbereitung Essen,MPU Punkte Essen,MPU Vorbereitung online,Vom Verkehrstherapeuten,"98,8 % bestehen die MPU","Seit 2016, 5.000+ Kunden",Kostenlose Erstberatung,1.650 € Festpreis,Diskret & ohne Bewertung,"MPU wegen Punkten: kein Abstinenznachweis, es zählt Ihr Fahrverhalten.","MPU-Vorbereitung in Essen: 100 % online, vom Verkehrstherapeuten.","Ehrlich, diskret, 1.650 € Festpreis. Seit 2016 über 5.000 Kunden begleitet.","Kostenloses Erstgespräch, ehrliche Einschätzung. Antwort meist in Stunden.",Einzelsitzungen für 1.650 €
826-841-9884,MPU Straftaten – Top10 Städte,Essen – Straftaten,https://start.mpu-point.de/mpu-vorbereitung-essen-straftaten.html,MPU nach Straftat,Gezielt vorbereitet,MPU Essen,MPU Vorbereitung Essen,MPU Straftaten Essen,MPU Vorbereitung online,Vom Verkehrstherapeuten,"98,8 % bestehen die MPU","Seit 2016, 5.000+ Kunden",Kostenlose Erstberatung,1.650 € Festpreis,Diskret & ohne Bewertung,MPU nach Straftat: gezielt auf die Fragestellung der Behörde vorbereitet.,"MPU-Vorbereitung in Essen: 100 % online, vom Verkehrstherapeuten.","Ehrlich, diskret, 1.650 € Festpreis. Seit 2016 über 5.000 Kunden begleitet.","Kostenloses Erstgespräch, ehrliche Einschätzung. Antwort meist in Stunden.",Einzelsitzungen für 1.650 €
826-841-9884,MPU Alkohol – Top10 Städte,Frankfurt – Alkohol,https://start.mpu-point.de/mpu-vorbereitung-frankfurt-alkohol.html,Oft ohne 12 Mon. Abstinenz,MPU Alkohol meistern,MPU Frankfurt,MPU Vorbereitung Frankfurt,MPU Alkohol Frankfurt,MPU Vorbereitung online,Vom Verkehrstherapeuten,"98,8 % bestehen die MPU","Seit 2016, 5.000+ Kunden",Kostenlose Erstberatung,1.650 € Festpreis,Diskret & ohne Bewertung,Alkohol-MPU oft ohne lange Abstinenz – kontrolliertes Trinken möglich.,"MPU-Vorbereitung in Frankfurt: 100 % online, vom Verkehrstherapeuten.","Ehrlich, diskret, 1.650 € Festpreis. Seit 2016 über 5.000 Kunden begleitet.","Kostenloses Erstgespräch, ehrliche Einschätzung. Antwort meist in Stunden.",Einzelsitzungen für 1.650 €
826-841-9884,MPU Drogen – Top10 Städte,Frankfurt – Drogen,https://start.mpu-point.de/mpu-vorbereitung-frankfurt-drogen.html,Cannabis: oft keine MPU,MPU Drogen/Cannabis,MPU Frankfurt,MPU Vorbereitung Frankfurt,MPU Drogen Frankfurt,MPU Vorbereitung online,Vom Verkehrstherapeuten,"98,8 % bestehen die MPU","Seit 2016, 5.000+ Kunden",Kostenlose Erstberatung,1.650 € Festpreis,Diskret & ohne Bewertung,Nach Cannabis-Legalisierung oft keine MPU mehr nötig – wir prüfen es.,"MPU-Vorbereitung in Frankfurt: 100 % online, vom Verkehrstherapeuten.","Ehrlich, diskret, 1.650 € Festpreis. Seit 2016 über 5.000 Kunden begleitet.","Kostenloses Erstgespräch, ehrliche Einschätzung. Antwort meist in Stunden.",Einzelsitzungen für 1.650 €
826-841-9884,MPU Punkte – Top10 Städte,Frankfurt – Punkte,https://start.mpu-point.de/mpu-vorbereitung-frankfurt-punkte.html,8 Punkte in Flensburg?,Kein Abstinenznachweis,MPU Frankfurt,MPU Vorbereitung Frankfurt,MPU Punkte Frankfurt,MPU Vorbereitung online,Vom Verkehrstherapeuten,"98,8 % bestehen die MPU","Seit 2016, 5.000+ Kunden",Kostenlose Erstberatung,1.650 € Festpreis,Diskret & ohne Bewertung,"MPU wegen Punkten: kein Abstinenznachweis, es zählt Ihr Fahrverhalten.","MPU-Vorbereitung in Frankfurt: 100 % online, vom Verkehrstherapeuten.","Ehrlich, diskret, 1.650 € Festpreis. Seit 2016 über 5.000 Kunden begleitet.","Kostenloses Erstgespräch, ehrliche Einschätzung. Antwort meist in Stunden.",Einzelsitzungen für 1.650 €
826-841-9884,MPU Straftaten – Top10 Städte,Frankfurt – Straftaten,https://start.mpu-point.de/mpu-vorbereitung-frankfurt-straftaten.html,MPU nach Straftat,Gezielt vorbereitet,MPU Frankfurt,MPU Vorbereitung Frankfurt,MPU Straftaten Frankfurt,MPU Vorbereitung online,Vom Verkehrstherapeuten,"98,8 % bestehen die MPU","Seit 2016, 5.000+ Kunden",Kostenlose Erstberatung,1.650 € Festpreis,Diskret & ohne Bewertung,MPU nach Straftat: gezielt auf die Fragestellung der Behörde vorbereitet.,"MPU-Vorbereitung in Frankfurt: 100 % online, vom Verkehrstherapeuten.","Ehrlich, diskret, 1.650 € Festpreis. Seit 2016 über 5.000 Kunden begleitet.","Kostenloses Erstgespräch, ehrliche Einschätzung. Antwort meist in Stunden.",Einzelsitzungen für 1.650 €
826-841-9884,MPU Alkohol – Top10 Städte,Hamburg – Alkohol,https://start.mpu-point.de/mpu-vorbereitung-hamburg-alkohol.html,Oft ohne 12 Mon. Abstinenz,MPU Alkohol meistern,MPU Hamburg,MPU Vorbereitung Hamburg,MPU Alkohol Hamburg,MPU Vorbereitung online,Vom Verkehrstherapeuten,"98,8 % bestehen die MPU","Seit 2016, 5.000+ Kunden",Kostenlose Erstberatung,1.650 € Festpreis,Diskret & ohne Bewertung,Alkohol-MPU oft ohne lange Abstinenz – kontrolliertes Trinken möglich.,"MPU-Vorbereitung in Hamburg: 100 % online, vom Verkehrstherapeuten.","Ehrlich, diskret, 1.650 € Festpreis. Seit 2016 über 5.000 Kunden begleitet.","Kostenloses Erstgespräch, ehrliche Einschätzung. Antwort meist in Stunden.",Einzelsitzungen für 1.650 €
826-841-9884,MPU Drogen – Top10 Städte,Hamburg – Drogen,https://start.mpu-point.de/mpu-vorbereitung-hamburg-drogen.html,Cannabis: oft keine MPU,MPU Drogen/Cannabis,MPU Hamburg,MPU Vorbereitung Hamburg,MPU Drogen Hamburg,MPU Vorbereitung online,Vom Verkehrstherapeuten,"98,8 % bestehen die MPU","Seit 2016, 5.000+ Kunden",Kostenlose Erstberatung,1.650 € Festpreis,Diskret & ohne Bewertung,Nach Cannabis-Legalisierung oft keine MPU mehr nötig – wir prüfen es.,"MPU-Vorbereitung in Hamburg: 100 % online, vom Verkehrstherapeuten.","Ehrlich, diskret, 1.650 € Festpreis. Seit 2016 über 5.000 Kunden begleitet.","Kostenloses Erstgespräch, ehrliche Einschätzung. Antwort meist in Stunden.",Einzelsitzungen für 1.650 €
826-841-9884,MPU Punkte – Top10 Städte,Hamburg – Punkte,https://start.mpu-point.de/mpu-vorbereitung-hamburg-punkte.html,8 Punkte in Flensburg?,Kein Abstinenznachweis,MPU Hamburg,MPU Vorbereitung Hamburg,MPU Punkte Hamburg,MPU Vorbereitung online,Vom Verkehrstherapeuten,"98,8 % bestehen die MPU","Seit 2016, 5.000+ Kunden",Kostenlose Erstberatung,1.650 € Festpreis,Diskret & ohne Bewertung,"MPU wegen Punkten: kein Abstinenznachweis, es zählt Ihr Fahrverhalten.","MPU-Vorbereitung in Hamburg: 100 % online, vom Verkehrstherapeuten.","Ehrlich, diskret, 1.650 € Festpreis. Seit 2016 über 5.000 Kunden begleitet.","Kostenloses Erstgespräch, ehrliche Einschätzung. Antwort meist in Stunden.",Einzelsitzungen für 1.650 €
826-841-9884,MPU Straftaten – Top10 Städte,Hamburg – Straftaten,https://start.mpu-point.de/mpu-vorbereitung-hamburg-straftaten.html,MPU nach Straftat,Gezielt vorbereitet,MPU Hamburg,MPU Vorbereitung Hamburg,MPU Straftaten Hamburg,MPU Vorbereitung online,Vom Verkehrstherapeuten,"98,8 % bestehen die MPU","Seit 2016, 5.000+ Kunden",Kostenlose Erstberatung,1.650 € Festpreis,Diskret & ohne Bewertung,MPU nach Straftat: gezielt auf die Fragestellung der Behörde vorbereitet.,"MPU-Vorbereitung in Hamburg: 100 % online, vom Verkehrstherapeuten.","Ehrlich, diskret, 1.650 € Festpreis. Seit 2016 über 5.000 Kunden begleitet.","Kostenloses Erstgespräch, ehrliche Einschätzung. Antwort meist in Stunden.",Einzelsitzungen für 1.650 €
826-841-9884,MPU Alkohol – Top10 Städte,Köln – Alkohol,https://start.mpu-point.de/mpu-vorbereitung-koeln-alkohol.html,Oft ohne 12 Mon. Abstinenz,MPU Alkohol meistern,MPU Köln,MPU Vorbereitung Köln,MPU Alkohol Köln,MPU Vorbereitung online,Vom Verkehrstherapeuten,"98,8 % bestehen die MPU","Seit 2016, 5.000+ Kunden",Kostenlose Erstberatung,1.650 € Festpreis,Diskret & ohne Bewertung,Alkohol-MPU oft ohne lange Abstinenz – kontrolliertes Trinken möglich.,"MPU-Vorbereitung in Köln: 100 % online, vom Verkehrstherapeuten.","Ehrlich, diskret, 1.650 € Festpreis. Seit 2016 über 5.000 Kunden begleitet.","Kostenloses Erstgespräch, ehrliche Einschätzung. Antwort meist in Stunden.",Einzelsitzungen für 1.650 €
826-841-9884,MPU Drogen – Top10 Städte,Köln – Drogen,https://start.mpu-point.de/mpu-vorbereitung-koeln-drogen.html,Cannabis: oft keine MPU,MPU Drogen/Cannabis,MPU Köln,MPU Vorbereitung Köln,MPU Drogen Köln,MPU Vorbereitung online,Vom Verkehrstherapeuten,"98,8 % bestehen die MPU","Seit 2016, 5.000+ Kunden",Kostenlose Erstberatung,1.650 € Festpreis,Diskret & ohne Bewertung,Nach Cannabis-Legalisierung oft keine MPU mehr nötig – wir prüfen es.,"MPU-Vorbereitung in Köln: 100 % online, vom Verkehrstherapeuten.","Ehrlich, diskret, 1.650 € Festpreis. Seit 2016 über 5.000 Kunden begleitet.","Kostenloses Erstgespräch, ehrliche Einschätzung. Antwort meist in Stunden.",Einzelsitzungen für 1.650 €
826-841-9884,MPU Punkte – Top10 Städte,Köln – Punkte,https://start.mpu-point.de/mpu-vorbereitung-koeln-punkte.html,8 Punkte in Flensburg?,Kein Abstinenznachweis,MPU Köln,MPU Vorbereitung Köln,MPU Punkte Köln,MPU Vorbereitung online,Vom Verkehrstherapeuten,"98,8 % bestehen die MPU","Seit 2016, 5.000+ Kunden",Kostenlose Erstberatung,1.650 € Festpreis,Diskret & ohne Bewertung,"MPU wegen Punkten: kein Abstinenznachweis, es zählt Ihr Fahrverhalten.","MPU-Vorbereitung in Köln: 100 % online, vom Verkehrstherapeuten.","Ehrlich, diskret, 1.650 € Festpreis. Seit 2016 über 5.000 Kunden begleitet.","Kostenloses Erstgespräch, ehrliche Einschätzung. Antwort meist in Stunden.",Einzelsitzungen für 1.650 €
826-841-9884,MPU Straftaten – Top10 Städte,Köln – Straftaten,https://start.mpu-point.de/mpu-vorbereitung-koeln-straftaten.html,MPU nach Straftat,Gezielt vorbereitet,MPU Köln,MPU Vorbereitung Köln,MPU Straftaten Köln,MPU Vorbereitung online,Vom Verkehrstherapeuten,"98,8 % bestehen die MPU","Seit 2016, 5.000+ Kunden",Kostenlose Erstberatung,1.650 € Festpreis,Diskret & ohne Bewertung,MPU nach Straftat: gezielt auf die Fragestellung der Behörde vorbereitet.,"MPU-Vorbereitung in Köln: 100 % online, vom Verkehrstherapeuten.","Ehrlich, diskret, 1.650 € Festpreis. Seit 2016 über 5.000 Kunden begleitet.","Kostenloses Erstgespräch, ehrliche Einschätzung. Antwort meist in Stunden.",Einzelsitzungen für 1.650 €
826-841-9884,MPU Alkohol – Top10 Städte,Leipzig – Alkohol,https://start.mpu-point.de/mpu-vorbereitung-leipzig-alkohol.html,Oft ohne 12 Mon. Abstinenz,MPU Alkohol meistern,MPU Leipzig,MPU Vorbereitung Leipzig,MPU Alkohol Leipzig,MPU Vorbereitung online,Vom Verkehrstherapeuten,"98,8 % bestehen die MPU","Seit 2016, 5.000+ Kunden",Kostenlose Erstberatung,1.650 € Festpreis,Diskret & ohne Bewertung,Alkohol-MPU oft ohne lange Abstinenz – kontrolliertes Trinken möglich.,"MPU-Vorbereitung in Leipzig: 100 % online, vom Verkehrstherapeuten.","Ehrlich, diskret, 1.650 € Festpreis. Seit 2016 über 5.000 Kunden begleitet.","Kostenloses Erstgespräch, ehrliche Einschätzung. Antwort meist in Stunden.",Einzelsitzungen für 1.650 €
826-841-9884,MPU Drogen – Top10 Städte,Leipzig – Drogen,https://start.mpu-point.de/mpu-vorbereitung-leipzig-drogen.html,Cannabis: oft keine MPU,MPU Drogen/Cannabis,MPU Leipzig,MPU Vorbereitung Leipzig,MPU Drogen Leipzig,MPU Vorbereitung online,Vom Verkehrstherapeuten,"98,8 % bestehen die MPU","Seit 2016, 5.000+ Kunden",Kostenlose Erstberatung,1.650 € Festpreis,Diskret & ohne Bewertung,Nach Cannabis-Legalisierung oft keine MPU mehr nötig – wir prüfen es.,"MPU-Vorbereitung in Leipzig: 100 % online, vom Verkehrstherapeuten.","Ehrlich, diskret, 1.650 € Festpreis. Seit 2016 über 5.000 Kunden begleitet.","Kostenloses Erstgespräch, ehrliche Einschätzung. Antwort meist in Stunden.",Einzelsitzungen für 1.650 €
826-841-9884,MPU Punkte – Top10 Städte,Leipzig – Punkte,https://start.mpu-point.de/mpu-vorbereitung-leipzig-punkte.html,8 Punkte in Flensburg?,Kein Abstinenznachweis,MPU Leipzig,MPU Vorbereitung Leipzig,MPU Punkte Leipzig,MPU Vorbereitung online,Vom Verkehrstherapeuten,"98,8 % bestehen die MPU","Seit 2016, 5.000+ Kunden",Kostenlose Erstberatung,1.650 € Festpreis,Diskret & ohne Bewertung,"MPU wegen Punkten: kein Abstinenznachweis, es zählt Ihr Fahrverhalten.","MPU-Vorbereitung in Leipzig: 100 % online, vom Verkehrstherapeuten.","Ehrlich, diskret, 1.650 € Festpreis. Seit 2016 über 5.000 Kunden begleitet.","Kostenloses Erstgespräch, ehrliche Einschätzung. Antwort meist in Stunden.",Einzelsitzungen für 1.650 €
826-841-9884,MPU Straftaten – Top10 Städte,Leipzig – Straftaten,https://start.mpu-point.de/mpu-vorbereitung-leipzig-straftaten.html,MPU nach Straftat,Gezielt vorbereitet,MPU Leipzig,MPU Vorbereitung Leipzig,MPU Straftaten Leipzig,MPU Vorbereitung online,Vom Verkehrstherapeuten,"98,8 % bestehen die MPU","Seit 2016, 5.000+ Kunden",Kostenlose Erstberatung,1.650 € Festpreis,Diskret & ohne Bewertung,MPU nach Straftat: gezielt auf die Fragestellung der Behörde vorbereitet.,"MPU-Vorbereitung in Leipzig: 100 % online, vom Verkehrstherapeuten.","Ehrlich, diskret, 1.650 € Festpreis. Seit 2016 über 5.000 Kunden begleitet.","Kostenloses Erstgespräch, ehrliche Einschätzung. Antwort meist in Stunden.",Einzelsitzungen für 1.650 €
826-841-9884,MPU Alkohol – Top10 Städte,München – Alkohol,https://start.mpu-point.de/mpu-vorbereitung-muenchen-alkohol.html,Oft ohne 12 Mon. Abstinenz,MPU Alkohol meistern,MPU München,MPU Vorbereitung München,MPU Alkohol München,MPU Vorbereitung online,Vom Verkehrstherapeuten,"98,8 % bestehen die MPU","Seit 2016, 5.000+ Kunden",Kostenlose Erstberatung,1.650 € Festpreis,Diskret & ohne Bewertung,Alkohol-MPU oft ohne lange Abstinenz – kontrolliertes Trinken möglich.,"MPU-Vorbereitung in München: 100 % online, vom Verkehrstherapeuten.","Ehrlich, diskret, 1.650 € Festpreis. Seit 2016 über 5.000 Kunden begleitet.","Kostenloses Erstgespräch, ehrliche Einschätzung. Antwort meist in Stunden.",Einzelsitzungen für 1.650 €
826-841-9884,MPU Drogen – Top10 Städte,München – Drogen,https://start.mpu-point.de/mpu-vorbereitung-muenchen-drogen.html,Cannabis: oft keine MPU,MPU Drogen/Cannabis,MPU München,MPU Vorbereitung München,MPU Drogen München,MPU Vorbereitung online,Vom Verkehrstherapeuten,"98,8 % bestehen die MPU","Seit 2016, 5.000+ Kunden",Kostenlose Erstberatung,1.650 € Festpreis,Diskret & ohne Bewertung,Nach Cannabis-Legalisierung oft keine MPU mehr nötig – wir prüfen es.,"MPU-Vorbereitung in München: 100 % online, vom Verkehrstherapeuten.","Ehrlich, diskret, 1.650 € Festpreis. Seit 2016 über 5.000 Kunden begleitet.","Kostenloses Erstgespräch, ehrliche Einschätzung. Antwort meist in Stunden.",Einzelsitzungen für 1.650 €
826-841-9884,MPU Punkte – Top10 Städte,München – Punkte,https://start.mpu-point.de/mpu-vorbereitung-muenchen-punkte.html,8 Punkte in Flensburg?,Kein Abstinenznachweis,MPU München,MPU Vorbereitung München,MPU Punkte München,MPU Vorbereitung online,Vom Verkehrstherapeuten,"98,8 % bestehen die MPU","Seit 2016, 5.000+ Kunden",Kostenlose Erstberatung,1.650 € Festpreis,Diskret & ohne Bewertung,"MPU wegen Punkten: kein Abstinenznachweis, es zählt Ihr Fahrverhalten.","MPU-Vorbereitung in München: 100 % online, vom Verkehrstherapeuten.","Ehrlich, diskret, 1.650 € Festpreis. Seit 2016 über 5.000 Kunden begleitet.","Kostenloses Erstgespräch, ehrliche Einschätzung. Antwort meist in Stunden.",Einzelsitzungen für 1.650 €
826-841-9884,MPU Straftaten – Top10 Städte,München – Straftaten,https://start.mpu-point.de/mpu-vorbereitung-muenchen-straftaten.html,MPU nach Straftat,Gezielt vorbereitet,MPU München,MPU Vorbereitung München,MPU Straftaten München,MPU Vorbereitung online,Vom Verkehrstherapeuten,"98,8 % bestehen die MPU","Seit 2016, 5.000+ Kunden",Kostenlose Erstberatung,1.650 € Festpreis,Diskret & ohne Bewertung,MPU nach Straftat: gezielt auf die Fragestellung der Behörde vorbereitet.,"MPU-Vorbereitung in München: 100 % online, vom Verkehrstherapeuten.","Ehrlich, diskret, 1.650 € Festpreis. Seit 2016 über 5.000 Kunden begleitet.","Kostenloses Erstgespräch, ehrliche Einschätzung. Antwort meist in Stunden.",Einzelsitzungen für 1.650 €
826-841-9884,MPU Alkohol – Top10 Städte,Stuttgart – Alkohol,https://start.mpu-point.de/mpu-vorbereitung-stuttgart-alkohol.html,Oft ohne 12 Mon. Abstinenz,MPU Alkohol meistern,MPU Stuttgart,MPU Vorbereitung Stuttgart,MPU Alkohol Stuttgart,MPU Vorbereitung online,Vom Verkehrstherapeuten,"98,8 % bestehen die MPU","Seit 2016, 5.000+ Kunden",Kostenlose Erstberatung,1.650 € Festpreis,Diskret & ohne Bewertung,Alkohol-MPU oft ohne lange Abstinenz – kontrolliertes Trinken möglich.,"MPU-Vorbereitung in Stuttgart: 100 % online, vom Verkehrstherapeuten.","Ehrlich, diskret, 1.650 € Festpreis. Seit 2016 über 5.000 Kunden begleitet.","Kostenloses Erstgespräch, ehrliche Einschätzung. Antwort meist in Stunden.",Einzelsitzungen für 1.650 €
826-841-9884,MPU Drogen – Top10 Städte,Stuttgart – Drogen,https://start.mpu-point.de/mpu-vorbereitung-stuttgart-drogen.html,Cannabis: oft keine MPU,MPU Drogen/Cannabis,MPU Stuttgart,MPU Vorbereitung Stuttgart,MPU Drogen Stuttgart,MPU Vorbereitung online,Vom Verkehrstherapeuten,"98,8 % bestehen die MPU","Seit 2016, 5.000+ Kunden",Kostenlose Erstberatung,1.650 € Festpreis,Diskret & ohne Bewertung,Nach Cannabis-Legalisierung oft keine MPU mehr nötig – wir prüfen es.,"MPU-Vorbereitung in Stuttgart: 100 % online, vom Verkehrstherapeuten.","Ehrlich, diskret, 1.650 € Festpreis. Seit 2016 über 5.000 Kunden begleitet.","Kostenloses Erstgespräch, ehrliche Einschätzung. Antwort meist in Stunden.",Einzelsitzungen für 1.650 €
826-841-9884,MPU Punkte – Top10 Städte,Stuttgart – Punkte,https://start.mpu-point.de/mpu-vorbereitung-stuttgart-punkte.html,8 Punkte in Flensburg?,Kein Abstinenznachweis,MPU Stuttgart,MPU Vorbereitung Stuttgart,MPU Punkte Stuttgart,MPU Vorbereitung online,Vom Verkehrstherapeuten,"98,8 % bestehen die MPU","Seit 2016, 5.000+ Kunden",Kostenlose Erstberatung,1.650 € Festpreis,Diskret & ohne Bewertung,"MPU wegen Punkten: kein Abstinenznachweis, es zählt Ihr Fahrverhalten.","MPU-Vorbereitung in Stuttgart: 100 % online, vom Verkehrstherapeuten.","Ehrlich, diskret, 1.650 € Festpreis. Seit 2016 über 5.000 Kunden begleitet.","Kostenloses Erstgespräch, ehrliche Einschätzung. Antwort meist in Stunden.",Einzelsitzungen für 1.650 €
826-841-9884,MPU Straftaten – Top10 Städte,Stuttgart – Straftaten,https://start.mpu-point.de/mpu-vorbereitung-stuttgart-straftaten.html,MPU nach Straftat,Gezielt vorbereitet,MPU Stuttgart,MPU Vorbereitung Stuttgart,MPU Straftaten Stuttgart,MPU Vorbereitung online,Vom Verkehrstherapeuten,"98,8 % bestehen die MPU","Seit 2016, 5.000+ Kunden",Kostenlose Erstberatung,1.650 € Festpreis,Diskret & ohne Bewertung,MPU nach Straftat: gezielt auf die Fragestellung der Behörde vorbereitet.,"MPU-Vorbereitung in Stuttgart: 100 % online, vom Verkehrstherapeuten.","Ehrlich, diskret, 1.650 € Festpreis. Seit 2016 über 5.000 Kunden begleitet.","Kostenloses Erstgespräch, ehrliche Einschätzung. Antwort meist in Stunden.",Einzelsitzungen für 1.650 €
