Account,Campaign,Ad Group,Keyword,Match Type
826-841-9884,MPU Alkohol – Top10 Städte,Berlin – Alkohol,mpu alkohol Berlin,Phrase
826-841-9884,MPU Alkohol – Top10 Städte,Berlin – Alkohol,mpu vorbereitung alkohol Berlin,Phrase
826-841-9884,MPU Alkohol – Top10 Städte,Berlin – Alkohol,mpu Berlin alkohol,Phrase
826-841-9884,MPU Alkohol – Top10 Städte,Berlin – Alkohol,abstinenznachweis alkohol Berlin,Phrase
826-841-9884,MPU Alkohol – Top10 Städte,Berlin – Alkohol,mpu wegen alkohol Berlin,Phrase
826-841-9884,MPU Alkohol – Top10 Städte,Berlin – Alkohol,mpu beratung alkohol Berlin,Phrase
826-841-9884,MPU Drogen – Top10 Städte,Berlin – Drogen,mpu drogen Berlin,Phrase
826-841-9884,MPU Drogen – Top10 Städte,Berlin – Drogen,mpu vorbereitung drogen Berlin,Phrase
826-841-9884,MPU Drogen – Top10 Städte,Berlin – Drogen,mpu Berlin drogen,Phrase
826-841-9884,MPU Drogen – Top10 Städte,Berlin – Drogen,mpu cannabis Berlin,Phrase
826-841-9884,MPU Drogen – Top10 Städte,Berlin – Drogen,abstinenznachweis drogen Berlin,Phrase
826-841-9884,MPU Drogen – Top10 Städte,Berlin – Drogen,mpu beratung drogen Berlin,Phrase
826-841-9884,MPU Punkte – Top10 Städte,Berlin – Punkte,mpu punkte Berlin,Phrase
826-841-9884,MPU Punkte – Top10 Städte,Berlin – Punkte,mpu vorbereitung punkte Berlin,Phrase
826-841-9884,MPU Punkte – Top10 Städte,Berlin – Punkte,mpu Berlin punkte,Phrase
826-841-9884,MPU Punkte – Top10 Städte,Berlin – Punkte,mpu wegen punkten Berlin,Phrase
826-841-9884,MPU Punkte – Top10 Städte,Berlin – Punkte,8 punkte mpu Berlin,Phrase
826-841-9884,MPU Punkte – Top10 Städte,Berlin – Punkte,mpu beratung punkte Berlin,Phrase
826-841-9884,MPU Straftaten – Top10 Städte,Berlin – Straftaten,mpu straftaten Berlin,Phrase
826-841-9884,MPU Straftaten – Top10 Städte,Berlin – Straftaten,mpu vorbereitung straftaten Berlin,Phrase
826-841-9884,MPU Straftaten – Top10 Städte,Berlin – Straftaten,mpu Berlin straftat,Phrase
826-841-9884,MPU Straftaten – Top10 Städte,Berlin – Straftaten,mpu wegen straftat Berlin,Phrase
826-841-9884,MPU Straftaten – Top10 Städte,Berlin – Straftaten,mpu beratung straftaten Berlin,Phrase
826-841-9884,MPU Alkohol – Top10 Städte,Dortmund – Alkohol,mpu alkohol Dortmund,Phrase
826-841-9884,MPU Alkohol – Top10 Städte,Dortmund – Alkohol,mpu vorbereitung alkohol Dortmund,Phrase
826-841-9884,MPU Alkohol – Top10 Städte,Dortmund – Alkohol,mpu Dortmund alkohol,Phrase
826-841-9884,MPU Alkohol – Top10 Städte,Dortmund – Alkohol,abstinenznachweis alkohol Dortmund,Phrase
826-841-9884,MPU Alkohol – Top10 Städte,Dortmund – Alkohol,mpu wegen alkohol Dortmund,Phrase
826-841-9884,MPU Alkohol – Top10 Städte,Dortmund – Alkohol,mpu beratung alkohol Dortmund,Phrase
826-841-9884,MPU Drogen – Top10 Städte,Dortmund – Drogen,mpu drogen Dortmund,Phrase
826-841-9884,MPU Drogen – Top10 Städte,Dortmund – Drogen,mpu vorbereitung drogen Dortmund,Phrase
826-841-9884,MPU Drogen – Top10 Städte,Dortmund – Drogen,mpu Dortmund drogen,Phrase
826-841-9884,MPU Drogen – Top10 Städte,Dortmund – Drogen,mpu cannabis Dortmund,Phrase
826-841-9884,MPU Drogen – Top10 Städte,Dortmund – Drogen,abstinenznachweis drogen Dortmund,Phrase
826-841-9884,MPU Drogen – Top10 Städte,Dortmund – Drogen,mpu beratung drogen Dortmund,Phrase
826-841-9884,MPU Punkte – Top10 Städte,Dortmund – Punkte,mpu punkte Dortmund,Phrase
826-841-9884,MPU Punkte – Top10 Städte,Dortmund – Punkte,mpu vorbereitung punkte Dortmund,Phrase
826-841-9884,MPU Punkte – Top10 Städte,Dortmund – Punkte,mpu Dortmund punkte,Phrase
826-841-9884,MPU Punkte – Top10 Städte,Dortmund – Punkte,mpu wegen punkten Dortmund,Phrase
826-841-9884,MPU Punkte – Top10 Städte,Dortmund – Punkte,8 punkte mpu Dortmund,Phrase
826-841-9884,MPU Punkte – Top10 Städte,Dortmund – Punkte,mpu beratung punkte Dortmund,Phrase
826-841-9884,MPU Straftaten – Top10 Städte,Dortmund – Straftaten,mpu straftaten Dortmund,Phrase
826-841-9884,MPU Straftaten – Top10 Städte,Dortmund – Straftaten,mpu vorbereitung straftaten Dortmund,Phrase
826-841-9884,MPU Straftaten – Top10 Städte,Dortmund – Straftaten,mpu Dortmund straftat,Phrase
826-841-9884,MPU Straftaten – Top10 Städte,Dortmund – Straftaten,mpu wegen straftat Dortmund,Phrase
826-841-9884,MPU Straftaten – Top10 Städte,Dortmund – Straftaten,mpu beratung straftaten Dortmund,Phrase
826-841-9884,MPU Alkohol – Top10 Städte,Düsseldorf – Alkohol,mpu alkohol Düsseldorf,Phrase
826-841-9884,MPU Alkohol – Top10 Städte,Düsseldorf – Alkohol,mpu vorbereitung alkohol Düsseldorf,Phrase
826-841-9884,MPU Alkohol – Top10 Städte,Düsseldorf – Alkohol,mpu Düsseldorf alkohol,Phrase
826-841-9884,MPU Alkohol – Top10 Städte,Düsseldorf – Alkohol,abstinenznachweis alkohol Düsseldorf,Phrase
826-841-9884,MPU Alkohol – Top10 Städte,Düsseldorf – Alkohol,mpu wegen alkohol Düsseldorf,Phrase
826-841-9884,MPU Alkohol – Top10 Städte,Düsseldorf – Alkohol,mpu beratung alkohol Düsseldorf,Phrase
826-841-9884,MPU Drogen – Top10 Städte,Düsseldorf – Drogen,mpu drogen Düsseldorf,Phrase
826-841-9884,MPU Drogen – Top10 Städte,Düsseldorf – Drogen,mpu vorbereitung drogen Düsseldorf,Phrase
826-841-9884,MPU Drogen – Top10 Städte,Düsseldorf – Drogen,mpu Düsseldorf drogen,Phrase
826-841-9884,MPU Drogen – Top10 Städte,Düsseldorf – Drogen,mpu cannabis Düsseldorf,Phrase
826-841-9884,MPU Drogen – Top10 Städte,Düsseldorf – Drogen,abstinenznachweis drogen Düsseldorf,Phrase
826-841-9884,MPU Drogen – Top10 Städte,Düsseldorf – Drogen,mpu beratung drogen Düsseldorf,Phrase
826-841-9884,MPU Punkte – Top10 Städte,Düsseldorf – Punkte,mpu punkte Düsseldorf,Phrase
826-841-9884,MPU Punkte – Top10 Städte,Düsseldorf – Punkte,mpu vorbereitung punkte Düsseldorf,Phrase
826-841-9884,MPU Punkte – Top10 Städte,Düsseldorf – Punkte,mpu Düsseldorf punkte,Phrase
826-841-9884,MPU Punkte – Top10 Städte,Düsseldorf – Punkte,mpu wegen punkten Düsseldorf,Phrase
826-841-9884,MPU Punkte – Top10 Städte,Düsseldorf – Punkte,8 punkte mpu Düsseldorf,Phrase
826-841-9884,MPU Punkte – Top10 Städte,Düsseldorf – Punkte,mpu beratung punkte Düsseldorf,Phrase
826-841-9884,MPU Straftaten – Top10 Städte,Düsseldorf – Straftaten,mpu straftaten Düsseldorf,Phrase
826-841-9884,MPU Straftaten – Top10 Städte,Düsseldorf – Straftaten,mpu vorbereitung straftaten Düsseldorf,Phrase
826-841-9884,MPU Straftaten – Top10 Städte,Düsseldorf – Straftaten,mpu Düsseldorf straftat,Phrase
826-841-9884,MPU Straftaten – Top10 Städte,Düsseldorf – Straftaten,mpu wegen straftat Düsseldorf,Phrase
826-841-9884,MPU Straftaten – Top10 Städte,Düsseldorf – Straftaten,mpu beratung straftaten Düsseldorf,Phrase
826-841-9884,MPU Alkohol – Top10 Städte,Essen – Alkohol,mpu alkohol Essen,Phrase
826-841-9884,MPU Alkohol – Top10 Städte,Essen – Alkohol,mpu vorbereitung alkohol Essen,Phrase
826-841-9884,MPU Alkohol – Top10 Städte,Essen – Alkohol,mpu Essen alkohol,Phrase
826-841-9884,MPU Alkohol – Top10 Städte,Essen – Alkohol,abstinenznachweis alkohol Essen,Phrase
826-841-9884,MPU Alkohol – Top10 Städte,Essen – Alkohol,mpu wegen alkohol Essen,Phrase
826-841-9884,MPU Alkohol – Top10 Städte,Essen – Alkohol,mpu beratung alkohol Essen,Phrase
826-841-9884,MPU Drogen – Top10 Städte,Essen – Drogen,mpu drogen Essen,Phrase
826-841-9884,MPU Drogen – Top10 Städte,Essen – Drogen,mpu vorbereitung drogen Essen,Phrase
826-841-9884,MPU Drogen – Top10 Städte,Essen – Drogen,mpu Essen drogen,Phrase
826-841-9884,MPU Drogen – Top10 Städte,Essen – Drogen,mpu cannabis Essen,Phrase
826-841-9884,MPU Drogen – Top10 Städte,Essen – Drogen,abstinenznachweis drogen Essen,Phrase
826-841-9884,MPU Drogen – Top10 Städte,Essen – Drogen,mpu beratung drogen Essen,Phrase
826-841-9884,MPU Punkte – Top10 Städte,Essen – Punkte,mpu punkte Essen,Phrase
826-841-9884,MPU Punkte – Top10 Städte,Essen – Punkte,mpu vorbereitung punkte Essen,Phrase
826-841-9884,MPU Punkte – Top10 Städte,Essen – Punkte,mpu Essen punkte,Phrase
826-841-9884,MPU Punkte – Top10 Städte,Essen – Punkte,mpu wegen punkten Essen,Phrase
826-841-9884,MPU Punkte – Top10 Städte,Essen – Punkte,8 punkte mpu Essen,Phrase
826-841-9884,MPU Punkte – Top10 Städte,Essen – Punkte,mpu beratung punkte Essen,Phrase
826-841-9884,MPU Straftaten – Top10 Städte,Essen – Straftaten,mpu straftaten Essen,Phrase
826-841-9884,MPU Straftaten – Top10 Städte,Essen – Straftaten,mpu vorbereitung straftaten Essen,Phrase
826-841-9884,MPU Straftaten – Top10 Städte,Essen – Straftaten,mpu Essen straftat,Phrase
826-841-9884,MPU Straftaten – Top10 Städte,Essen – Straftaten,mpu wegen straftat Essen,Phrase
826-841-9884,MPU Straftaten – Top10 Städte,Essen – Straftaten,mpu beratung straftaten Essen,Phrase
826-841-9884,MPU Alkohol – Top10 Städte,Frankfurt – Alkohol,mpu alkohol Frankfurt,Phrase
826-841-9884,MPU Alkohol – Top10 Städte,Frankfurt – Alkohol,mpu vorbereitung alkohol Frankfurt,Phrase
826-841-9884,MPU Alkohol – Top10 Städte,Frankfurt – Alkohol,mpu Frankfurt alkohol,Phrase
826-841-9884,MPU Alkohol – Top10 Städte,Frankfurt – Alkohol,abstinenznachweis alkohol Frankfurt,Phrase
826-841-9884,MPU Alkohol – Top10 Städte,Frankfurt – Alkohol,mpu wegen alkohol Frankfurt,Phrase
826-841-9884,MPU Alkohol – Top10 Städte,Frankfurt – Alkohol,mpu beratung alkohol Frankfurt,Phrase
826-841-9884,MPU Drogen – Top10 Städte,Frankfurt – Drogen,mpu drogen Frankfurt,Phrase
826-841-9884,MPU Drogen – Top10 Städte,Frankfurt – Drogen,mpu vorbereitung drogen Frankfurt,Phrase
826-841-9884,MPU Drogen – Top10 Städte,Frankfurt – Drogen,mpu Frankfurt drogen,Phrase
826-841-9884,MPU Drogen – Top10 Städte,Frankfurt – Drogen,mpu cannabis Frankfurt,Phrase
826-841-9884,MPU Drogen – Top10 Städte,Frankfurt – Drogen,abstinenznachweis drogen Frankfurt,Phrase
826-841-9884,MPU Drogen – Top10 Städte,Frankfurt – Drogen,mpu beratung drogen Frankfurt,Phrase
826-841-9884,MPU Punkte – Top10 Städte,Frankfurt – Punkte,mpu punkte Frankfurt,Phrase
826-841-9884,MPU Punkte – Top10 Städte,Frankfurt – Punkte,mpu vorbereitung punkte Frankfurt,Phrase
826-841-9884,MPU Punkte – Top10 Städte,Frankfurt – Punkte,mpu Frankfurt punkte,Phrase
826-841-9884,MPU Punkte – Top10 Städte,Frankfurt – Punkte,mpu wegen punkten Frankfurt,Phrase
826-841-9884,MPU Punkte – Top10 Städte,Frankfurt – Punkte,8 punkte mpu Frankfurt,Phrase
826-841-9884,MPU Punkte – Top10 Städte,Frankfurt – Punkte,mpu beratung punkte Frankfurt,Phrase
826-841-9884,MPU Straftaten – Top10 Städte,Frankfurt – Straftaten,mpu straftaten Frankfurt,Phrase
826-841-9884,MPU Straftaten – Top10 Städte,Frankfurt – Straftaten,mpu vorbereitung straftaten Frankfurt,Phrase
826-841-9884,MPU Straftaten – Top10 Städte,Frankfurt – Straftaten,mpu Frankfurt straftat,Phrase
826-841-9884,MPU Straftaten – Top10 Städte,Frankfurt – Straftaten,mpu wegen straftat Frankfurt,Phrase
826-841-9884,MPU Straftaten – Top10 Städte,Frankfurt – Straftaten,mpu beratung straftaten Frankfurt,Phrase
826-841-9884,MPU Alkohol – Top10 Städte,Hamburg – Alkohol,mpu alkohol Hamburg,Phrase
826-841-9884,MPU Alkohol – Top10 Städte,Hamburg – Alkohol,mpu vorbereitung alkohol Hamburg,Phrase
826-841-9884,MPU Alkohol – Top10 Städte,Hamburg – Alkohol,mpu Hamburg alkohol,Phrase
826-841-9884,MPU Alkohol – Top10 Städte,Hamburg – Alkohol,abstinenznachweis alkohol Hamburg,Phrase
826-841-9884,MPU Alkohol – Top10 Städte,Hamburg – Alkohol,mpu wegen alkohol Hamburg,Phrase
826-841-9884,MPU Alkohol – Top10 Städte,Hamburg – Alkohol,mpu beratung alkohol Hamburg,Phrase
826-841-9884,MPU Drogen – Top10 Städte,Hamburg – Drogen,mpu drogen Hamburg,Phrase
826-841-9884,MPU Drogen – Top10 Städte,Hamburg – Drogen,mpu vorbereitung drogen Hamburg,Phrase
826-841-9884,MPU Drogen – Top10 Städte,Hamburg – Drogen,mpu Hamburg drogen,Phrase
826-841-9884,MPU Drogen – Top10 Städte,Hamburg – Drogen,mpu cannabis Hamburg,Phrase
826-841-9884,MPU Drogen – Top10 Städte,Hamburg – Drogen,abstinenznachweis drogen Hamburg,Phrase
826-841-9884,MPU Drogen – Top10 Städte,Hamburg – Drogen,mpu beratung drogen Hamburg,Phrase
826-841-9884,MPU Punkte – Top10 Städte,Hamburg – Punkte,mpu punkte Hamburg,Phrase
826-841-9884,MPU Punkte – Top10 Städte,Hamburg – Punkte,mpu vorbereitung punkte Hamburg,Phrase
826-841-9884,MPU Punkte – Top10 Städte,Hamburg – Punkte,mpu Hamburg punkte,Phrase
826-841-9884,MPU Punkte – Top10 Städte,Hamburg – Punkte,mpu wegen punkten Hamburg,Phrase
826-841-9884,MPU Punkte – Top10 Städte,Hamburg – Punkte,8 punkte mpu Hamburg,Phrase
826-841-9884,MPU Punkte – Top10 Städte,Hamburg – Punkte,mpu beratung punkte Hamburg,Phrase
826-841-9884,MPU Straftaten – Top10 Städte,Hamburg – Straftaten,mpu straftaten Hamburg,Phrase
826-841-9884,MPU Straftaten – Top10 Städte,Hamburg – Straftaten,mpu vorbereitung straftaten Hamburg,Phrase
826-841-9884,MPU Straftaten – Top10 Städte,Hamburg – Straftaten,mpu Hamburg straftat,Phrase
826-841-9884,MPU Straftaten – Top10 Städte,Hamburg – Straftaten,mpu wegen straftat Hamburg,Phrase
826-841-9884,MPU Straftaten – Top10 Städte,Hamburg – Straftaten,mpu beratung straftaten Hamburg,Phrase
826-841-9884,MPU Alkohol – Top10 Städte,Köln – Alkohol,mpu alkohol Köln,Phrase
826-841-9884,MPU Alkohol – Top10 Städte,Köln – Alkohol,mpu vorbereitung alkohol Köln,Phrase
826-841-9884,MPU Alkohol – Top10 Städte,Köln – Alkohol,mpu Köln alkohol,Phrase
826-841-9884,MPU Alkohol – Top10 Städte,Köln – Alkohol,abstinenznachweis alkohol Köln,Phrase
826-841-9884,MPU Alkohol – Top10 Städte,Köln – Alkohol,mpu wegen alkohol Köln,Phrase
826-841-9884,MPU Alkohol – Top10 Städte,Köln – Alkohol,mpu beratung alkohol Köln,Phrase
826-841-9884,MPU Drogen – Top10 Städte,Köln – Drogen,mpu drogen Köln,Phrase
826-841-9884,MPU Drogen – Top10 Städte,Köln – Drogen,mpu vorbereitung drogen Köln,Phrase
826-841-9884,MPU Drogen – Top10 Städte,Köln – Drogen,mpu Köln drogen,Phrase
826-841-9884,MPU Drogen – Top10 Städte,Köln – Drogen,mpu cannabis Köln,Phrase
826-841-9884,MPU Drogen – Top10 Städte,Köln – Drogen,abstinenznachweis drogen Köln,Phrase
826-841-9884,MPU Drogen – Top10 Städte,Köln – Drogen,mpu beratung drogen Köln,Phrase
826-841-9884,MPU Punkte – Top10 Städte,Köln – Punkte,mpu punkte Köln,Phrase
826-841-9884,MPU Punkte – Top10 Städte,Köln – Punkte,mpu vorbereitung punkte Köln,Phrase
826-841-9884,MPU Punkte – Top10 Städte,Köln – Punkte,mpu Köln punkte,Phrase
826-841-9884,MPU Punkte – Top10 Städte,Köln – Punkte,mpu wegen punkten Köln,Phrase
826-841-9884,MPU Punkte – Top10 Städte,Köln – Punkte,8 punkte mpu Köln,Phrase
826-841-9884,MPU Punkte – Top10 Städte,Köln – Punkte,mpu beratung punkte Köln,Phrase
826-841-9884,MPU Straftaten – Top10 Städte,Köln – Straftaten,mpu straftaten Köln,Phrase
826-841-9884,MPU Straftaten – Top10 Städte,Köln – Straftaten,mpu vorbereitung straftaten Köln,Phrase
826-841-9884,MPU Straftaten – Top10 Städte,Köln – Straftaten,mpu Köln straftat,Phrase
826-841-9884,MPU Straftaten – Top10 Städte,Köln – Straftaten,mpu wegen straftat Köln,Phrase
826-841-9884,MPU Straftaten – Top10 Städte,Köln – Straftaten,mpu beratung straftaten Köln,Phrase
826-841-9884,MPU Alkohol – Top10 Städte,Leipzig – Alkohol,mpu alkohol Leipzig,Phrase
826-841-9884,MPU Alkohol – Top10 Städte,Leipzig – Alkohol,mpu vorbereitung alkohol Leipzig,Phrase
826-841-9884,MPU Alkohol – Top10 Städte,Leipzig – Alkohol,mpu Leipzig alkohol,Phrase
826-841-9884,MPU Alkohol – Top10 Städte,Leipzig – Alkohol,abstinenznachweis alkohol Leipzig,Phrase
826-841-9884,MPU Alkohol – Top10 Städte,Leipzig – Alkohol,mpu wegen alkohol Leipzig,Phrase
826-841-9884,MPU Alkohol – Top10 Städte,Leipzig – Alkohol,mpu beratung alkohol Leipzig,Phrase
826-841-9884,MPU Drogen – Top10 Städte,Leipzig – Drogen,mpu drogen Leipzig,Phrase
826-841-9884,MPU Drogen – Top10 Städte,Leipzig – Drogen,mpu vorbereitung drogen Leipzig,Phrase
826-841-9884,MPU Drogen – Top10 Städte,Leipzig – Drogen,mpu Leipzig drogen,Phrase
826-841-9884,MPU Drogen – Top10 Städte,Leipzig – Drogen,mpu cannabis Leipzig,Phrase
826-841-9884,MPU Drogen – Top10 Städte,Leipzig – Drogen,abstinenznachweis drogen Leipzig,Phrase
826-841-9884,MPU Drogen – Top10 Städte,Leipzig – Drogen,mpu beratung drogen Leipzig,Phrase
826-841-9884,MPU Punkte – Top10 Städte,Leipzig – Punkte,mpu punkte Leipzig,Phrase
826-841-9884,MPU Punkte – Top10 Städte,Leipzig – Punkte,mpu vorbereitung punkte Leipzig,Phrase
826-841-9884,MPU Punkte – Top10 Städte,Leipzig – Punkte,mpu Leipzig punkte,Phrase
826-841-9884,MPU Punkte – Top10 Städte,Leipzig – Punkte,mpu wegen punkten Leipzig,Phrase
826-841-9884,MPU Punkte – Top10 Städte,Leipzig – Punkte,8 punkte mpu Leipzig,Phrase
826-841-9884,MPU Punkte – Top10 Städte,Leipzig – Punkte,mpu beratung punkte Leipzig,Phrase
826-841-9884,MPU Straftaten – Top10 Städte,Leipzig – Straftaten,mpu straftaten Leipzig,Phrase
826-841-9884,MPU Straftaten – Top10 Städte,Leipzig – Straftaten,mpu vorbereitung straftaten Leipzig,Phrase
826-841-9884,MPU Straftaten – Top10 Städte,Leipzig – Straftaten,mpu Leipzig straftat,Phrase
826-841-9884,MPU Straftaten – Top10 Städte,Leipzig – Straftaten,mpu wegen straftat Leipzig,Phrase
826-841-9884,MPU Straftaten – Top10 Städte,Leipzig – Straftaten,mpu beratung straftaten Leipzig,Phrase
826-841-9884,MPU Alkohol – Top10 Städte,München – Alkohol,mpu alkohol München,Phrase
826-841-9884,MPU Alkohol – Top10 Städte,München – Alkohol,mpu vorbereitung alkohol München,Phrase
826-841-9884,MPU Alkohol – Top10 Städte,München – Alkohol,mpu München alkohol,Phrase
826-841-9884,MPU Alkohol – Top10 Städte,München – Alkohol,abstinenznachweis alkohol München,Phrase
826-841-9884,MPU Alkohol – Top10 Städte,München – Alkohol,mpu wegen alkohol München,Phrase
826-841-9884,MPU Alkohol – Top10 Städte,München – Alkohol,mpu beratung alkohol München,Phrase
826-841-9884,MPU Drogen – Top10 Städte,München – Drogen,mpu drogen München,Phrase
826-841-9884,MPU Drogen – Top10 Städte,München – Drogen,mpu vorbereitung drogen München,Phrase
826-841-9884,MPU Drogen – Top10 Städte,München – Drogen,mpu München drogen,Phrase
826-841-9884,MPU Drogen – Top10 Städte,München – Drogen,mpu cannabis München,Phrase
826-841-9884,MPU Drogen – Top10 Städte,München – Drogen,abstinenznachweis drogen München,Phrase
826-841-9884,MPU Drogen – Top10 Städte,München – Drogen,mpu beratung drogen München,Phrase
826-841-9884,MPU Punkte – Top10 Städte,München – Punkte,mpu punkte München,Phrase
826-841-9884,MPU Punkte – Top10 Städte,München – Punkte,mpu vorbereitung punkte München,Phrase
826-841-9884,MPU Punkte – Top10 Städte,München – Punkte,mpu München punkte,Phrase
826-841-9884,MPU Punkte – Top10 Städte,München – Punkte,mpu wegen punkten München,Phrase
826-841-9884,MPU Punkte – Top10 Städte,München – Punkte,8 punkte mpu München,Phrase
826-841-9884,MPU Punkte – Top10 Städte,München – Punkte,mpu beratung punkte München,Phrase
826-841-9884,MPU Straftaten – Top10 Städte,München – Straftaten,mpu straftaten München,Phrase
826-841-9884,MPU Straftaten – Top10 Städte,München – Straftaten,mpu vorbereitung straftaten München,Phrase
826-841-9884,MPU Straftaten – Top10 Städte,München – Straftaten,mpu München straftat,Phrase
826-841-9884,MPU Straftaten – Top10 Städte,München – Straftaten,mpu wegen straftat München,Phrase
826-841-9884,MPU Straftaten – Top10 Städte,München – Straftaten,mpu beratung straftaten München,Phrase
826-841-9884,MPU Alkohol – Top10 Städte,Stuttgart – Alkohol,mpu alkohol Stuttgart,Phrase
826-841-9884,MPU Alkohol – Top10 Städte,Stuttgart – Alkohol,mpu vorbereitung alkohol Stuttgart,Phrase
826-841-9884,MPU Alkohol – Top10 Städte,Stuttgart – Alkohol,mpu Stuttgart alkohol,Phrase
826-841-9884,MPU Alkohol – Top10 Städte,Stuttgart – Alkohol,abstinenznachweis alkohol Stuttgart,Phrase
826-841-9884,MPU Alkohol – Top10 Städte,Stuttgart – Alkohol,mpu wegen alkohol Stuttgart,Phrase
826-841-9884,MPU Alkohol – Top10 Städte,Stuttgart – Alkohol,mpu beratung alkohol Stuttgart,Phrase
826-841-9884,MPU Drogen – Top10 Städte,Stuttgart – Drogen,mpu drogen Stuttgart,Phrase
826-841-9884,MPU Drogen – Top10 Städte,Stuttgart – Drogen,mpu vorbereitung drogen Stuttgart,Phrase
826-841-9884,MPU Drogen – Top10 Städte,Stuttgart – Drogen,mpu Stuttgart drogen,Phrase
826-841-9884,MPU Drogen – Top10 Städte,Stuttgart – Drogen,mpu cannabis Stuttgart,Phrase
826-841-9884,MPU Drogen – Top10 Städte,Stuttgart – Drogen,abstinenznachweis drogen Stuttgart,Phrase
826-841-9884,MPU Drogen – Top10 Städte,Stuttgart – Drogen,mpu beratung drogen Stuttgart,Phrase
826-841-9884,MPU Punkte – Top10 Städte,Stuttgart – Punkte,mpu punkte Stuttgart,Phrase
826-841-9884,MPU Punkte – Top10 Städte,Stuttgart – Punkte,mpu vorbereitung punkte Stuttgart,Phrase
826-841-9884,MPU Punkte – Top10 Städte,Stuttgart – Punkte,mpu Stuttgart punkte,Phrase
826-841-9884,MPU Punkte – Top10 Städte,Stuttgart – Punkte,mpu wegen punkten Stuttgart,Phrase
826-841-9884,MPU Punkte – Top10 Städte,Stuttgart – Punkte,8 punkte mpu Stuttgart,Phrase
826-841-9884,MPU Punkte – Top10 Städte,Stuttgart – Punkte,mpu beratung punkte Stuttgart,Phrase
826-841-9884,MPU Straftaten – Top10 Städte,Stuttgart – Straftaten,mpu straftaten Stuttgart,Phrase
826-841-9884,MPU Straftaten – Top10 Städte,Stuttgart – Straftaten,mpu vorbereitung straftaten Stuttgart,Phrase
826-841-9884,MPU Straftaten – Top10 Städte,Stuttgart – Straftaten,mpu Stuttgart straftat,Phrase
826-841-9884,MPU Straftaten – Top10 Städte,Stuttgart – Straftaten,mpu wegen straftat Stuttgart,Phrase
826-841-9884,MPU Straftaten – Top10 Städte,Stuttgart – Straftaten,mpu beratung straftaten Stuttgart,Phrase
